stem,class,split,group,path
in_03,Inclusion,test,0,C:\Users\anmol\OneDrive\Desktop\Steel_Surface_Defect_NEU_DET-DATASET\SteelDefectX\train_by_class\Inclusion\in_03.jpg
in_05,Inclusion,test,2,C:\Users\anmol\OneDrive\Desktop\Steel_Surface_Defect_NEU_DET-DATASET\SteelDefectX\train_by_class\Inclusion\in_05.jpg
in_10,Inclusion,test,5,C:\Users\anmol\OneDrive\Desktop\Steel_Surface_Defect_NEU_DET-DATASET\SteelDefectX\train_by_class\Inclusion\in_10.jpg
in_100,Inclusion,test,6,C:\Users\anmol\OneDrive\Desktop\Steel_Surface_Defect_NEU_DET-DATASET\SteelDefectX\train_by_class\Inclusion\in_100.jpg
in_107,Inclusion,test,10,C:\Users\anmol\OneDrive\Desktop\Steel_Surface_Defect_NEU_DET-DATASET\SteelDefectX\train_by_class\Inclusion\in_107.jpg
in_112,Inclusion,test,14,C:\Users\anmol\OneDrive\Desktop\Steel_Surface_Defect_NEU_DET-DATASET\SteelDefectX\train_by_class\Inclusion\in_112.jpg
in_114,Inclusion,test,16,C:\Users\anmol\OneDrive\Desktop\Steel_Surface_Defect_NEU_DET-DATASET\SteelDefectX\train_by_class\Inclusion\in_114.jpg
in_119,Inclusion,test,19,C:\Users\anmol\OneDrive\Desktop\Steel_Surface_Defect_NEU_DET-DATASET\SteelDefectX\train_by_class\Inclusion\in_119.jpg
in_138,Inclusion,test,34,C:\Users\anmol\OneDrive\Desktop\Steel_Surface_Defect_NEU_DET-DATASET\SteelDefectX\train_by_class\Inclusion\in_138.jpg
in_158,Inclusion,test,48,C:\Users\anmol\OneDrive\Desktop\Steel_Surface_Defect_NEU_DET-DATASET\SteelDefectX\train_by_class\Inclusion\in_158.jpg
in_186,Inclusion,test,71,C:\Users\anmol\OneDrive\Desktop\Steel_Surface_Defect_NEU_DET-DATASET\SteelDefectX\train_by_class\Inclusion\in_186.jpg
in_19,Inclusion,test,74,C:\Users\anmol\OneDrive\Desktop\Steel_Surface_Defect_NEU_DET-DATASET\SteelDefectX\train_by_class\Inclusion\in_19.jpg
in_191,Inclusion,test,75,C:\Users\anmol\OneDrive\Desktop\Steel_Surface_Defect_NEU_DET-DATASET\SteelDefectX\train_by_class\Inclusion\in_191.jpg
in_200,Inclusion,test,84,C:\Users\anmol\OneDrive\Desktop\Steel_Surface_Defect_NEU_DET-DATASET\SteelDefectX\train_by_class\Inclusion\in_200.jpg
in_201,Inclusion,test,85,C:\Users\anmol\OneDrive\Desktop\Steel_Surface_Defect_NEU_DET-DATASET\SteelDefectX\train_by_class\Inclusion\in_201.jpg
in_210,Inclusion,test,90,C:\Users\anmol\OneDrive\Desktop\Steel_Surface_Defect_NEU_DET-DATASET\SteelDefectX\train_by_class\Inclusion\in_210.jpg
in_215,Inclusion,test,93,C:\Users\anmol\OneDrive\Desktop\Steel_Surface_Defect_NEU_DET-DATASET\SteelDefectX\train_by_class\Inclusion\in_215.jpg
in_218,Inclusion,test,95,C:\Users\anmol\OneDrive\Desktop\Steel_Surface_Defect_NEU_DET-DATASET\SteelDefectX\train_by_class\Inclusion\in_218.jpg
in_231,Inclusion,test,105,C:\Users\anmol\OneDrive\Desktop\Steel_Surface_Defect_NEU_DET-DATASET\SteelDefectX\train_by_class\Inclusion\in_231.jpg
in_235,Inclusion,test,107,C:\Users\anmol\OneDrive\Desktop\Steel_Surface_Defect_NEU_DET-DATASET\SteelDefectX\train_by_class\Inclusion\in_235.jpg
in_238,Inclusion,test,109,C:\Users\anmol\OneDrive\Desktop\Steel_Surface_Defect_NEU_DET-DATASET\SteelDefectX\train_by_class\Inclusion\in_238.jpg
in_241,Inclusion,test,112,C:\Users\anmol\OneDrive\Desktop\Steel_Surface_Defect_NEU_DET-DATASET\SteelDefectX\train_by_class\Inclusion\in_241.jpg
in_242,Inclusion,test,113,C:\Users\anmol\OneDrive\Desktop\Steel_Surface_Defect_NEU_DET-DATASET\SteelDefectX\train_by_class\Inclusion\in_242.jpg
in_251,Inclusion,test,121,C:\Users\anmol\OneDrive\Desktop\Steel_Surface_Defect_NEU_DET-DATASET\SteelDefectX\train_by_class\Inclusion\in_251.jpg
in_266,Inclusion,test,132,C:\Users\anmol\OneDrive\Desktop\Steel_Surface_Defect_NEU_DET-DATASET\SteelDefectX\train_by_class\Inclusion\in_266.jpg
in_278,Inclusion,test,141,C:\Users\anmol\OneDrive\Desktop\Steel_Surface_Defect_NEU_DET-DATASET\SteelDefectX\train_by_class\Inclusion\in_278.jpg
in_290,Inclusion,test,151,C:\Users\anmol\OneDrive\Desktop\Steel_Surface_Defect_NEU_DET-DATASET\SteelDefectX\train_by_class\Inclusion\in_290.jpg
in_292,Inclusion,test,152,C:\Users\anmol\OneDrive\Desktop\Steel_Surface_Defect_NEU_DET-DATASET\SteelDefectX\train_by_class\Inclusion\in_292.jpg
in_298,Inclusion,test,156,C:\Users\anmol\OneDrive\Desktop\Steel_Surface_Defect_NEU_DET-DATASET\SteelDefectX\train_by_class\Inclusion\in_298.jpg
in_302,Inclusion,test,161,C:\Users\anmol\OneDrive\Desktop\Steel_Surface_Defect_NEU_DET-DATASET\SteelDefectX\train_by_class\Inclusion\in_302.jpg
in_307,Inclusion,test,166,C:\Users\anmol\OneDrive\Desktop\Steel_Surface_Defect_NEU_DET-DATASET\SteelDefectX\train_by_class\Inclusion\in_307.jpg
in_317,Inclusion,test,175,C:\Users\anmol\OneDrive\Desktop\Steel_Surface_Defect_NEU_DET-DATASET\SteelDefectX\train_by_class\Inclusion\in_317.jpg
in_318,Inclusion,test,176,C:\Users\anmol\OneDrive\Desktop\Steel_Surface_Defect_NEU_DET-DATASET\SteelDefectX\train_by_class\Inclusion\in_318.jpg
in_331,Inclusion,test,187,C:\Users\anmol\OneDrive\Desktop\Steel_Surface_Defect_NEU_DET-DATASET\SteelDefectX\train_by_class\Inclusion\in_331.jpg
in_335,Inclusion,test,189,C:\Users\anmol\OneDrive\Desktop\Steel_Surface_Defect_NEU_DET-DATASET\SteelDefectX\train_by_class\Inclusion\in_335.jpg
in_344,Inclusion,test,196,C:\Users\anmol\OneDrive\Desktop\Steel_Surface_Defect_NEU_DET-DATASET\SteelDefectX\train_by_class\Inclusion\in_344.jpg
in_345,Inclusion,test,197,C:\Users\anmol\OneDrive\Desktop\Steel_Surface_Defect_NEU_DET-DATASET\SteelDefectX\train_by_class\Inclusion\in_345.jpg
in_348,Inclusion,test,199,C:\Users\anmol\OneDrive\Desktop\Steel_Surface_Defect_NEU_DET-DATASET\SteelDefectX\train_by_class\Inclusion\in_348.jpg
in_35,Inclusion,test,201,C:\Users\anmol\OneDrive\Desktop\Steel_Surface_Defect_NEU_DET-DATASET\SteelDefectX\train_by_class\Inclusion\in_35.jpg
in_37,Inclusion,test,219,C:\Users\anmol\OneDrive\Desktop\Steel_Surface_Defect_NEU_DET-DATASET\SteelDefectX\train_by_class\Inclusion\in_37.jpg
in_380,Inclusion,test,226,C:\Users\anmol\OneDrive\Desktop\Steel_Surface_Defect_NEU_DET-DATASET\SteelDefectX\train_by_class\Inclusion\in_380.jpg
in_39,Inclusion,test,232,C:\Users\anmol\OneDrive\Desktop\Steel_Surface_Defect_NEU_DET-DATASET\SteelDefectX\train_by_class\Inclusion\in_39.jpg
in_393,Inclusion,test,234,C:\Users\anmol\OneDrive\Desktop\Steel_Surface_Defect_NEU_DET-DATASET\SteelDefectX\train_by_class\Inclusion\in_393.jpg
in_396,Inclusion,test,236,C:\Users\anmol\OneDrive\Desktop\Steel_Surface_Defect_NEU_DET-DATASET\SteelDefectX\train_by_class\Inclusion\in_396.jpg
in_399,Inclusion,test,238,C:\Users\anmol\OneDrive\Desktop\Steel_Surface_Defect_NEU_DET-DATASET\SteelDefectX\train_by_class\Inclusion\in_399.jpg
in_406,Inclusion,test,243,C:\Users\anmol\OneDrive\Desktop\Steel_Surface_Defect_NEU_DET-DATASET\SteelDefectX\train_by_class\Inclusion\in_406.jpg
in_413,Inclusion,test,249,C:\Users\anmol\OneDrive\Desktop\Steel_Surface_Defect_NEU_DET-DATASET\SteelDefectX\train_by_class\Inclusion\in_413.jpg
in_428,Inclusion,test,261,C:\Users\anmol\OneDrive\Desktop\Steel_Surface_Defect_NEU_DET-DATASET\SteelDefectX\train_by_class\Inclusion\in_428.jpg
in_44,Inclusion,test,268,C:\Users\anmol\OneDrive\Desktop\Steel_Surface_Defect_NEU_DET-DATASET\SteelDefectX\train_by_class\Inclusion\in_44.jpg
in_445,Inclusion,test,272,C:\Users\anmol\OneDrive\Desktop\Steel_Surface_Defect_NEU_DET-DATASET\SteelDefectX\train_by_class\Inclusion\in_445.jpg
in_446,Inclusion,test,273,C:\Users\anmol\OneDrive\Desktop\Steel_Surface_Defect_NEU_DET-DATASET\SteelDefectX\train_by_class\Inclusion\in_446.jpg
in_455,Inclusion,test,279,C:\Users\anmol\OneDrive\Desktop\Steel_Surface_Defect_NEU_DET-DATASET\SteelDefectX\train_by_class\Inclusion\in_455.jpg
in_456,Inclusion,test,280,C:\Users\anmol\OneDrive\Desktop\Steel_Surface_Defect_NEU_DET-DATASET\SteelDefectX\train_by_class\Inclusion\in_456.jpg
in_458,Inclusion,test,282,C:\Users\anmol\OneDrive\Desktop\Steel_Surface_Defect_NEU_DET-DATASET\SteelDefectX\train_by_class\Inclusion\in_458.jpg
in_459,Inclusion,test,283,C:\Users\anmol\OneDrive\Desktop\Steel_Surface_Defect_NEU_DET-DATASET\SteelDefectX\train_by_class\Inclusion\in_459.jpg
in_473,Inclusion,test,293,C:\Users\anmol\OneDrive\Desktop\Steel_Surface_Defect_NEU_DET-DATASET\SteelDefectX\train_by_class\Inclusion\in_473.jpg
in_476,Inclusion,test,295,C:\Users\anmol\OneDrive\Desktop\Steel_Surface_Defect_NEU_DET-DATASET\SteelDefectX\train_by_class\Inclusion\in_476.jpg
in_482,Inclusion,test,301,C:\Users\anmol\OneDrive\Desktop\Steel_Surface_Defect_NEU_DET-DATASET\SteelDefectX\train_by_class\Inclusion\in_482.jpg
in_484,Inclusion,test,302,C:\Users\anmol\OneDrive\Desktop\Steel_Surface_Defect_NEU_DET-DATASET\SteelDefectX\train_by_class\Inclusion\in_484.jpg
in_49,Inclusion,test,304,C:\Users\anmol\OneDrive\Desktop\Steel_Surface_Defect_NEU_DET-DATASET\SteelDefectX\train_by_class\Inclusion\in_49.jpg
in_51,Inclusion,test,310,C:\Users\anmol\OneDrive\Desktop\Steel_Surface_Defect_NEU_DET-DATASET\SteelDefectX\train_by_class\Inclusion\in_51.jpg
in_62,Inclusion,test,318,C:\Users\anmol\OneDrive\Desktop\Steel_Surface_Defect_NEU_DET-DATASET\SteelDefectX\train_by_class\Inclusion\in_62.jpg
in_65,Inclusion,test,319,C:\Users\anmol\OneDrive\Desktop\Steel_Surface_Defect_NEU_DET-DATASET\SteelDefectX\train_by_class\Inclusion\in_65.jpg
in_73,Inclusion,test,325,C:\Users\anmol\OneDrive\Desktop\Steel_Surface_Defect_NEU_DET-DATASET\SteelDefectX\train_by_class\Inclusion\in_73.jpg
in_80,Inclusion,test,331,C:\Users\anmol\OneDrive\Desktop\Steel_Surface_Defect_NEU_DET-DATASET\SteelDefectX\train_by_class\Inclusion\in_80.jpg
in_84,Inclusion,test,335,C:\Users\anmol\OneDrive\Desktop\Steel_Surface_Defect_NEU_DET-DATASET\SteelDefectX\train_by_class\Inclusion\in_84.jpg
in_85,Inclusion,test,336,C:\Users\anmol\OneDrive\Desktop\Steel_Surface_Defect_NEU_DET-DATASET\SteelDefectX\train_by_class\Inclusion\in_85.jpg
in_89,Inclusion,test,339,C:\Users\anmol\OneDrive\Desktop\Steel_Surface_Defect_NEU_DET-DATASET\SteelDefectX\train_by_class\Inclusion\in_89.jpg
in_91,Inclusion,test,341,C:\Users\anmol\OneDrive\Desktop\Steel_Surface_Defect_NEU_DET-DATASET\SteelDefectX\train_by_class\Inclusion\in_91.jpg
in_92,Inclusion,test,342,C:\Users\anmol\OneDrive\Desktop\Steel_Surface_Defect_NEU_DET-DATASET\SteelDefectX\train_by_class\Inclusion\in_92.jpg
in_04,Inclusion,train,1,C:\Users\anmol\OneDrive\Desktop\Steel_Surface_Defect_NEU_DET-DATASET\SteelDefectX\train_by_class\Inclusion\in_04.jpg
in_06,Inclusion,train,3,C:\Users\anmol\OneDrive\Desktop\Steel_Surface_Defect_NEU_DET-DATASET\SteelDefectX\train_by_class\Inclusion\in_06.jpg
in_09,Inclusion,train,4,C:\Users\anmol\OneDrive\Desktop\Steel_Surface_Defect_NEU_DET-DATASET\SteelDefectX\train_by_class\Inclusion\in_09.jpg
in_102,Inclusion,train,7,C:\Users\anmol\OneDrive\Desktop\Steel_Surface_Defect_NEU_DET-DATASET\SteelDefectX\train_by_class\Inclusion\in_102.jpg
in_105,Inclusion,train,8,C:\Users\anmol\OneDrive\Desktop\Steel_Surface_Defect_NEU_DET-DATASET\SteelDefectX\train_by_class\Inclusion\in_105.jpg
in_106,Inclusion,train,9,C:\Users\anmol\OneDrive\Desktop\Steel_Surface_Defect_NEU_DET-DATASET\SteelDefectX\train_by_class\Inclusion\in_106.jpg
in_108,Inclusion,train,11,C:\Users\anmol\OneDrive\Desktop\Steel_Surface_Defect_NEU_DET-DATASET\SteelDefectX\train_by_class\Inclusion\in_108.jpg
in_109,Inclusion,train,12,C:\Users\anmol\OneDrive\Desktop\Steel_Surface_Defect_NEU_DET-DATASET\SteelDefectX\train_by_class\Inclusion\in_109.jpg
in_11,Inclusion,train,13,C:\Users\anmol\OneDrive\Desktop\Steel_Surface_Defect_NEU_DET-DATASET\SteelDefectX\train_by_class\Inclusion\in_11.jpg
in_113,Inclusion,train,15,C:\Users\anmol\OneDrive\Desktop\Steel_Surface_Defect_NEU_DET-DATASET\SteelDefectX\train_by_class\Inclusion\in_113.jpg
in_115,Inclusion,train,17,C:\Users\anmol\OneDrive\Desktop\Steel_Surface_Defect_NEU_DET-DATASET\SteelDefectX\train_by_class\Inclusion\in_115.jpg
in_117,Inclusion,train,18,C:\Users\anmol\OneDrive\Desktop\Steel_Surface_Defect_NEU_DET-DATASET\SteelDefectX\train_by_class\Inclusion\in_117.jpg
in_12,Inclusion,train,20,C:\Users\anmol\OneDrive\Desktop\Steel_Surface_Defect_NEU_DET-DATASET\SteelDefectX\train_by_class\Inclusion\in_12.jpg
in_120,Inclusion,train,21,C:\Users\anmol\OneDrive\Desktop\Steel_Surface_Defect_NEU_DET-DATASET\SteelDefectX\train_by_class\Inclusion\in_120.jpg
in_121,Inclusion,train,22,C:\Users\anmol\OneDrive\Desktop\Steel_Surface_Defect_NEU_DET-DATASET\SteelDefectX\train_by_class\Inclusion\in_121.jpg
in_122,Inclusion,train,23,C:\Users\anmol\OneDrive\Desktop\Steel_Surface_Defect_NEU_DET-DATASET\SteelDefectX\train_by_class\Inclusion\in_122.jpg
in_123,Inclusion,train,24,C:\Users\anmol\OneDrive\Desktop\Steel_Surface_Defect_NEU_DET-DATASET\SteelDefectX\train_by_class\Inclusion\in_123.jpg
in_126,Inclusion,train,25,C:\Users\anmol\OneDrive\Desktop\Steel_Surface_Defect_NEU_DET-DATASET\SteelDefectX\train_by_class\Inclusion\in_126.jpg
in_127,Inclusion,train,26,C:\Users\anmol\OneDrive\Desktop\Steel_Surface_Defect_NEU_DET-DATASET\SteelDefectX\train_by_class\Inclusion\in_127.jpg
in_128,Inclusion,train,27,C:\Users\anmol\OneDrive\Desktop\Steel_Surface_Defect_NEU_DET-DATASET\SteelDefectX\train_by_class\Inclusion\in_128.jpg
in_13,Inclusion,train,28,C:\Users\anmol\OneDrive\Desktop\Steel_Surface_Defect_NEU_DET-DATASET\SteelDefectX\train_by_class\Inclusion\in_13.jpg
in_131,Inclusion,train,29,C:\Users\anmol\OneDrive\Desktop\Steel_Surface_Defect_NEU_DET-DATASET\SteelDefectX\train_by_class\Inclusion\in_131.jpg
in_134,Inclusion,train,30,C:\Users\anmol\OneDrive\Desktop\Steel_Surface_Defect_NEU_DET-DATASET\SteelDefectX\train_by_class\Inclusion\in_134.jpg
in_137,Inclusion,train,33,C:\Users\anmol\OneDrive\Desktop\Steel_Surface_Defect_NEU_DET-DATASET\SteelDefectX\train_by_class\Inclusion\in_137.jpg
in_140,Inclusion,train,36,C:\Users\anmol\OneDrive\Desktop\Steel_Surface_Defect_NEU_DET-DATASET\SteelDefectX\train_by_class\Inclusion\in_140.jpg
in_141,Inclusion,train,37,C:\Users\anmol\OneDrive\Desktop\Steel_Surface_Defect_NEU_DET-DATASET\SteelDefectX\train_by_class\Inclusion\in_141.jpg
in_142,Inclusion,train,38,C:\Users\anmol\OneDrive\Desktop\Steel_Surface_Defect_NEU_DET-DATASET\SteelDefectX\train_by_class\Inclusion\in_142.jpg
in_146,Inclusion,train,39,C:\Users\anmol\OneDrive\Desktop\Steel_Surface_Defect_NEU_DET-DATASET\SteelDefectX\train_by_class\Inclusion\in_146.jpg
in_149,Inclusion,train,40,C:\Users\anmol\OneDrive\Desktop\Steel_Surface_Defect_NEU_DET-DATASET\SteelDefectX\train_by_class\Inclusion\in_149.jpg
in_15,Inclusion,train,41,C:\Users\anmol\OneDrive\Desktop\Steel_Surface_Defect_NEU_DET-DATASET\SteelDefectX\train_by_class\Inclusion\in_15.jpg
in_153,Inclusion,train,43,C:\Users\anmol\OneDrive\Desktop\Steel_Surface_Defect_NEU_DET-DATASET\SteelDefectX\train_by_class\Inclusion\in_153.jpg
in_154,Inclusion,train,44,C:\Users\anmol\OneDrive\Desktop\Steel_Surface_Defect_NEU_DET-DATASET\SteelDefectX\train_by_class\Inclusion\in_154.jpg
in_155,Inclusion,train,45,C:\Users\anmol\OneDrive\Desktop\Steel_Surface_Defect_NEU_DET-DATASET\SteelDefectX\train_by_class\Inclusion\in_155.jpg
in_156,Inclusion,train,46,C:\Users\anmol\OneDrive\Desktop\Steel_Surface_Defect_NEU_DET-DATASET\SteelDefectX\train_by_class\Inclusion\in_156.jpg
in_157,Inclusion,train,47,C:\Users\anmol\OneDrive\Desktop\Steel_Surface_Defect_NEU_DET-DATASET\SteelDefectX\train_by_class\Inclusion\in_157.jpg
in_16,Inclusion,train,50,C:\Users\anmol\OneDrive\Desktop\Steel_Surface_Defect_NEU_DET-DATASET\SteelDefectX\train_by_class\Inclusion\in_16.jpg
in_161,Inclusion,train,51,C:\Users\anmol\OneDrive\Desktop\Steel_Surface_Defect_NEU_DET-DATASET\SteelDefectX\train_by_class\Inclusion\in_161.jpg
in_163,Inclusion,train,52,C:\Users\anmol\OneDrive\Desktop\Steel_Surface_Defect_NEU_DET-DATASET\SteelDefectX\train_by_class\Inclusion\in_163.jpg
in_164,Inclusion,train,53,C:\Users\anmol\OneDrive\Desktop\Steel_Surface_Defect_NEU_DET-DATASET\SteelDefectX\train_by_class\Inclusion\in_164.jpg
in_167,Inclusion,train,54,C:\Users\anmol\OneDrive\Desktop\Steel_Surface_Defect_NEU_DET-DATASET\SteelDefectX\train_by_class\Inclusion\in_167.jpg
in_168,Inclusion,train,55,C:\Users\anmol\OneDrive\Desktop\Steel_Surface_Defect_NEU_DET-DATASET\SteelDefectX\train_by_class\Inclusion\in_168.jpg
in_17,Inclusion,train,57,C:\Users\anmol\OneDrive\Desktop\Steel_Surface_Defect_NEU_DET-DATASET\SteelDefectX\train_by_class\Inclusion\in_17.jpg
in_171,Inclusion,train,58,C:\Users\anmol\OneDrive\Desktop\Steel_Surface_Defect_NEU_DET-DATASET\SteelDefectX\train_by_class\Inclusion\in_171.jpg
in_174,Inclusion,train,61,C:\Users\anmol\OneDrive\Desktop\Steel_Surface_Defect_NEU_DET-DATASET\SteelDefectX\train_by_class\Inclusion\in_174.jpg
in_175,Inclusion,train,62,C:\Users\anmol\OneDrive\Desktop\Steel_Surface_Defect_NEU_DET-DATASET\SteelDefectX\train_by_class\Inclusion\in_175.jpg
in_176,Inclusion,train,63,C:\Users\anmol\OneDrive\Desktop\Steel_Surface_Defect_NEU_DET-DATASET\SteelDefectX\train_by_class\Inclusion\in_176.jpg
in_177,Inclusion,train,64,C:\Users\anmol\OneDrive\Desktop\Steel_Surface_Defect_NEU_DET-DATASET\SteelDefectX\train_by_class\Inclusion\in_177.jpg
in_18,Inclusion,train,65,C:\Users\anmol\OneDrive\Desktop\Steel_Surface_Defect_NEU_DET-DATASET\SteelDefectX\train_by_class\Inclusion\in_18.jpg
in_181,Inclusion,train,66,C:\Users\anmol\OneDrive\Desktop\Steel_Surface_Defect_NEU_DET-DATASET\SteelDefectX\train_by_class\Inclusion\in_181.jpg
in_182,Inclusion,train,67,C:\Users\anmol\OneDrive\Desktop\Steel_Surface_Defect_NEU_DET-DATASET\SteelDefectX\train_by_class\Inclusion\in_182.jpg
in_183,Inclusion,train,68,C:\Users\anmol\OneDrive\Desktop\Steel_Surface_Defect_NEU_DET-DATASET\SteelDefectX\train_by_class\Inclusion\in_183.jpg
in_184,Inclusion,train,69,C:\Users\anmol\OneDrive\Desktop\Steel_Surface_Defect_NEU_DET-DATASET\SteelDefectX\train_by_class\Inclusion\in_184.jpg
in_185,Inclusion,train,70,C:\Users\anmol\OneDrive\Desktop\Steel_Surface_Defect_NEU_DET-DATASET\SteelDefectX\train_by_class\Inclusion\in_185.jpg
in_187,Inclusion,train,72,C:\Users\anmol\OneDrive\Desktop\Steel_Surface_Defect_NEU_DET-DATASET\SteelDefectX\train_by_class\Inclusion\in_187.jpg
in_189,Inclusion,train,73,C:\Users\anmol\OneDrive\Desktop\Steel_Surface_Defect_NEU_DET-DATASET\SteelDefectX\train_by_class\Inclusion\in_189.jpg
in_192,Inclusion,train,76,C:\Users\anmol\OneDrive\Desktop\Steel_Surface_Defect_NEU_DET-DATASET\SteelDefectX\train_by_class\Inclusion\in_192.jpg
in_193,Inclusion,train,77,C:\Users\anmol\OneDrive\Desktop\Steel_Surface_Defect_NEU_DET-DATASET\SteelDefectX\train_by_class\Inclusion\in_193.jpg
in_194,Inclusion,train,78,C:\Users\anmol\OneDrive\Desktop\Steel_Surface_Defect_NEU_DET-DATASET\SteelDefectX\train_by_class\Inclusion\in_194.jpg
in_196,Inclusion,train,79,C:\Users\anmol\OneDrive\Desktop\Steel_Surface_Defect_NEU_DET-DATASET\SteelDefectX\train_by_class\Inclusion\in_196.jpg
in_197,Inclusion,train,80,C:\Users\anmol\OneDrive\Desktop\Steel_Surface_Defect_NEU_DET-DATASET\SteelDefectX\train_by_class\Inclusion\in_197.jpg
in_198,Inclusion,train,81,C:\Users\anmol\OneDrive\Desktop\Steel_Surface_Defect_NEU_DET-DATASET\SteelDefectX\train_by_class\Inclusion\in_198.jpg
in_199,Inclusion,train,82,C:\Users\anmol\OneDrive\Desktop\Steel_Surface_Defect_NEU_DET-DATASET\SteelDefectX\train_by_class\Inclusion\in_199.jpg
in_20,Inclusion,train,83,C:\Users\anmol\OneDrive\Desktop\Steel_Surface_Defect_NEU_DET-DATASET\SteelDefectX\train_by_class\Inclusion\in_20.jpg
in_202,Inclusion,train,86,C:\Users\anmol\OneDrive\Desktop\Steel_Surface_Defect_NEU_DET-DATASET\SteelDefectX\train_by_class\Inclusion\in_202.jpg
in_203,Inclusion,train,87,C:\Users\anmol\OneDrive\Desktop\Steel_Surface_Defect_NEU_DET-DATASET\SteelDefectX\train_by_class\Inclusion\in_203.jpg
in_204,Inclusion,train,88,C:\Users\anmol\OneDrive\Desktop\Steel_Surface_Defect_NEU_DET-DATASET\SteelDefectX\train_by_class\Inclusion\in_204.jpg
in_207,Inclusion,train,89,C:\Users\anmol\OneDrive\Desktop\Steel_Surface_Defect_NEU_DET-DATASET\SteelDefectX\train_by_class\Inclusion\in_207.jpg
in_212,Inclusion,train,91,C:\Users\anmol\OneDrive\Desktop\Steel_Surface_Defect_NEU_DET-DATASET\SteelDefectX\train_by_class\Inclusion\in_212.jpg
in_213,Inclusion,train,92,C:\Users\anmol\OneDrive\Desktop\Steel_Surface_Defect_NEU_DET-DATASET\SteelDefectX\train_by_class\Inclusion\in_213.jpg
in_220,Inclusion,train,96,C:\Users\anmol\OneDrive\Desktop\Steel_Surface_Defect_NEU_DET-DATASET\SteelDefectX\train_by_class\Inclusion\in_220.jpg
in_221,Inclusion,train,97,C:\Users\anmol\OneDrive\Desktop\Steel_Surface_Defect_NEU_DET-DATASET\SteelDefectX\train_by_class\Inclusion\in_221.jpg
in_223,Inclusion,train,98,C:\Users\anmol\OneDrive\Desktop\Steel_Surface_Defect_NEU_DET-DATASET\SteelDefectX\train_by_class\Inclusion\in_223.jpg
in_224,Inclusion,train,99,C:\Users\anmol\OneDrive\Desktop\Steel_Surface_Defect_NEU_DET-DATASET\SteelDefectX\train_by_class\Inclusion\in_224.jpg
in_225,Inclusion,train,100,C:\Users\anmol\OneDrive\Desktop\Steel_Surface_Defect_NEU_DET-DATASET\SteelDefectX\train_by_class\Inclusion\in_225.jpg
in_226,Inclusion,train,101,C:\Users\anmol\OneDrive\Desktop\Steel_Surface_Defect_NEU_DET-DATASET\SteelDefectX\train_by_class\Inclusion\in_226.jpg
in_230,Inclusion,train,104,C:\Users\anmol\OneDrive\Desktop\Steel_Surface_Defect_NEU_DET-DATASET\SteelDefectX\train_by_class\Inclusion\in_230.jpg
in_233,Inclusion,train,106,C:\Users\anmol\OneDrive\Desktop\Steel_Surface_Defect_NEU_DET-DATASET\SteelDefectX\train_by_class\Inclusion\in_233.jpg
in_236,Inclusion,train,108,C:\Users\anmol\OneDrive\Desktop\Steel_Surface_Defect_NEU_DET-DATASET\SteelDefectX\train_by_class\Inclusion\in_236.jpg
in_239,Inclusion,train,110,C:\Users\anmol\OneDrive\Desktop\Steel_Surface_Defect_NEU_DET-DATASET\SteelDefectX\train_by_class\Inclusion\in_239.jpg
in_243,Inclusion,train,114,C:\Users\anmol\OneDrive\Desktop\Steel_Surface_Defect_NEU_DET-DATASET\SteelDefectX\train_by_class\Inclusion\in_243.jpg
in_244,Inclusion,train,115,C:\Users\anmol\OneDrive\Desktop\Steel_Surface_Defect_NEU_DET-DATASET\SteelDefectX\train_by_class\Inclusion\in_244.jpg
in_245,Inclusion,train,116,C:\Users\anmol\OneDrive\Desktop\Steel_Surface_Defect_NEU_DET-DATASET\SteelDefectX\train_by_class\Inclusion\in_245.jpg
in_246,Inclusion,train,117,C:\Users\anmol\OneDrive\Desktop\Steel_Surface_Defect_NEU_DET-DATASET\SteelDefectX\train_by_class\Inclusion\in_246.jpg
in_249,Inclusion,train,119,C:\Users\anmol\OneDrive\Desktop\Steel_Surface_Defect_NEU_DET-DATASET\SteelDefectX\train_by_class\Inclusion\in_249.jpg
in_250,Inclusion,train,120,C:\Users\anmol\OneDrive\Desktop\Steel_Surface_Defect_NEU_DET-DATASET\SteelDefectX\train_by_class\Inclusion\in_250.jpg
in_252,Inclusion,train,122,C:\Users\anmol\OneDrive\Desktop\Steel_Surface_Defect_NEU_DET-DATASET\SteelDefectX\train_by_class\Inclusion\in_252.jpg
in_253,Inclusion,train,123,C:\Users\anmol\OneDrive\Desktop\Steel_Surface_Defect_NEU_DET-DATASET\SteelDefectX\train_by_class\Inclusion\in_253.jpg
in_256,Inclusion,train,124,C:\Users\anmol\OneDrive\Desktop\Steel_Surface_Defect_NEU_DET-DATASET\SteelDefectX\train_by_class\Inclusion\in_256.jpg
in_258,Inclusion,train,125,C:\Users\anmol\OneDrive\Desktop\Steel_Surface_Defect_NEU_DET-DATASET\SteelDefectX\train_by_class\Inclusion\in_258.jpg
in_26,Inclusion,train,126,C:\Users\anmol\OneDrive\Desktop\Steel_Surface_Defect_NEU_DET-DATASET\SteelDefectX\train_by_class\Inclusion\in_26.jpg
in_260,Inclusion,train,127,C:\Users\anmol\OneDrive\Desktop\Steel_Surface_Defect_NEU_DET-DATASET\SteelDefectX\train_by_class\Inclusion\in_260.jpg
in_261,Inclusion,train,128,C:\Users\anmol\OneDrive\Desktop\Steel_Surface_Defect_NEU_DET-DATASET\SteelDefectX\train_by_class\Inclusion\in_261.jpg
in_263,Inclusion,train,129,C:\Users\anmol\OneDrive\Desktop\Steel_Surface_Defect_NEU_DET-DATASET\SteelDefectX\train_by_class\Inclusion\in_263.jpg
in_265,Inclusion,train,131,C:\Users\anmol\OneDrive\Desktop\Steel_Surface_Defect_NEU_DET-DATASET\SteelDefectX\train_by_class\Inclusion\in_265.jpg
in_267,Inclusion,train,133,C:\Users\anmol\OneDrive\Desktop\Steel_Surface_Defect_NEU_DET-DATASET\SteelDefectX\train_by_class\Inclusion\in_267.jpg
in_269,Inclusion,train,134,C:\Users\anmol\OneDrive\Desktop\Steel_Surface_Defect_NEU_DET-DATASET\SteelDefectX\train_by_class\Inclusion\in_269.jpg
in_27,Inclusion,train,135,C:\Users\anmol\OneDrive\Desktop\Steel_Surface_Defect_NEU_DET-DATASET\SteelDefectX\train_by_class\Inclusion\in_27.jpg
in_270,Inclusion,train,136,C:\Users\anmol\OneDrive\Desktop\Steel_Surface_Defect_NEU_DET-DATASET\SteelDefectX\train_by_class\Inclusion\in_270.jpg
in_273,Inclusion,train,137,C:\Users\anmol\OneDrive\Desktop\Steel_Surface_Defect_NEU_DET-DATASET\SteelDefectX\train_by_class\Inclusion\in_273.jpg
in_274,Inclusion,train,138,C:\Users\anmol\OneDrive\Desktop\Steel_Surface_Defect_NEU_DET-DATASET\SteelDefectX\train_by_class\Inclusion\in_274.jpg
in_275,Inclusion,train,139,C:\Users\anmol\OneDrive\Desktop\Steel_Surface_Defect_NEU_DET-DATASET\SteelDefectX\train_by_class\Inclusion\in_275.jpg
in_276,Inclusion,train,140,C:\Users\anmol\OneDrive\Desktop\Steel_Surface_Defect_NEU_DET-DATASET\SteelDefectX\train_by_class\Inclusion\in_276.jpg
in_280,Inclusion,train,143,C:\Users\anmol\OneDrive\Desktop\Steel_Surface_Defect_NEU_DET-DATASET\SteelDefectX\train_by_class\Inclusion\in_280.jpg
in_281,Inclusion,train,144,C:\Users\anmol\OneDrive\Desktop\Steel_Surface_Defect_NEU_DET-DATASET\SteelDefectX\train_by_class\Inclusion\in_281.jpg
in_282,Inclusion,train,145,C:\Users\anmol\OneDrive\Desktop\Steel_Surface_Defect_NEU_DET-DATASET\SteelDefectX\train_by_class\Inclusion\in_282.jpg
in_283,Inclusion,train,146,C:\Users\anmol\OneDrive\Desktop\Steel_Surface_Defect_NEU_DET-DATASET\SteelDefectX\train_by_class\Inclusion\in_283.jpg
in_286,Inclusion,train,147,C:\Users\anmol\OneDrive\Desktop\Steel_Surface_Defect_NEU_DET-DATASET\SteelDefectX\train_by_class\Inclusion\in_286.jpg
in_287,Inclusion,train,148,C:\Users\anmol\OneDrive\Desktop\Steel_Surface_Defect_NEU_DET-DATASET\SteelDefectX\train_by_class\Inclusion\in_287.jpg
in_288,Inclusion,train,149,C:\Users\anmol\OneDrive\Desktop\Steel_Surface_Defect_NEU_DET-DATASET\SteelDefectX\train_by_class\Inclusion\in_288.jpg
in_29,Inclusion,train,150,C:\Users\anmol\OneDrive\Desktop\Steel_Surface_Defect_NEU_DET-DATASET\SteelDefectX\train_by_class\Inclusion\in_29.jpg
in_293,Inclusion,train,153,C:\Users\anmol\OneDrive\Desktop\Steel_Surface_Defect_NEU_DET-DATASET\SteelDefectX\train_by_class\Inclusion\in_293.jpg
in_294,Inclusion,train,154,C:\Users\anmol\OneDrive\Desktop\Steel_Surface_Defect_NEU_DET-DATASET\SteelDefectX\train_by_class\Inclusion\in_294.jpg
in_296,Inclusion,train,155,C:\Users\anmol\OneDrive\Desktop\Steel_Surface_Defect_NEU_DET-DATASET\SteelDefectX\train_by_class\Inclusion\in_296.jpg
in_299,Inclusion,train,157,C:\Users\anmol\OneDrive\Desktop\Steel_Surface_Defect_NEU_DET-DATASET\SteelDefectX\train_by_class\Inclusion\in_299.jpg
in_30,Inclusion,train,158,C:\Users\anmol\OneDrive\Desktop\Steel_Surface_Defect_NEU_DET-DATASET\SteelDefectX\train_by_class\Inclusion\in_30.jpg
in_300,Inclusion,train,159,C:\Users\anmol\OneDrive\Desktop\Steel_Surface_Defect_NEU_DET-DATASET\SteelDefectX\train_by_class\Inclusion\in_300.jpg
in_301,Inclusion,train,160,C:\Users\anmol\OneDrive\Desktop\Steel_Surface_Defect_NEU_DET-DATASET\SteelDefectX\train_by_class\Inclusion\in_301.jpg
in_303,Inclusion,train,162,C:\Users\anmol\OneDrive\Desktop\Steel_Surface_Defect_NEU_DET-DATASET\SteelDefectX\train_by_class\Inclusion\in_303.jpg
in_304,Inclusion,train,163,C:\Users\anmol\OneDrive\Desktop\Steel_Surface_Defect_NEU_DET-DATASET\SteelDefectX\train_by_class\Inclusion\in_304.jpg
in_305,Inclusion,train,164,C:\Users\anmol\OneDrive\Desktop\Steel_Surface_Defect_NEU_DET-DATASET\SteelDefectX\train_by_class\Inclusion\in_305.jpg
in_306,Inclusion,train,165,C:\Users\anmol\OneDrive\Desktop\Steel_Surface_Defect_NEU_DET-DATASET\SteelDefectX\train_by_class\Inclusion\in_306.jpg
in_309,Inclusion,train,168,C:\Users\anmol\OneDrive\Desktop\Steel_Surface_Defect_NEU_DET-DATASET\SteelDefectX\train_by_class\Inclusion\in_309.jpg
in_31,Inclusion,train,169,C:\Users\anmol\OneDrive\Desktop\Steel_Surface_Defect_NEU_DET-DATASET\SteelDefectX\train_by_class\Inclusion\in_31.jpg
in_310,Inclusion,train,170,C:\Users\anmol\OneDrive\Desktop\Steel_Surface_Defect_NEU_DET-DATASET\SteelDefectX\train_by_class\Inclusion\in_310.jpg
in_313,Inclusion,train,173,C:\Users\anmol\OneDrive\Desktop\Steel_Surface_Defect_NEU_DET-DATASET\SteelDefectX\train_by_class\Inclusion\in_313.jpg
in_316,Inclusion,train,174,C:\Users\anmol\OneDrive\Desktop\Steel_Surface_Defect_NEU_DET-DATASET\SteelDefectX\train_by_class\Inclusion\in_316.jpg
in_32,Inclusion,train,177,C:\Users\anmol\OneDrive\Desktop\Steel_Surface_Defect_NEU_DET-DATASET\SteelDefectX\train_by_class\Inclusion\in_32.jpg
in_321,Inclusion,train,179,C:\Users\anmol\OneDrive\Desktop\Steel_Surface_Defect_NEU_DET-DATASET\SteelDefectX\train_by_class\Inclusion\in_321.jpg
in_322,Inclusion,train,180,C:\Users\anmol\OneDrive\Desktop\Steel_Surface_Defect_NEU_DET-DATASET\SteelDefectX\train_by_class\Inclusion\in_322.jpg
in_323,Inclusion,train,181,C:\Users\anmol\OneDrive\Desktop\Steel_Surface_Defect_NEU_DET-DATASET\SteelDefectX\train_by_class\Inclusion\in_323.jpg
in_326,Inclusion,train,182,C:\Users\anmol\OneDrive\Desktop\Steel_Surface_Defect_NEU_DET-DATASET\SteelDefectX\train_by_class\Inclusion\in_326.jpg
in_327,Inclusion,train,183,C:\Users\anmol\OneDrive\Desktop\Steel_Surface_Defect_NEU_DET-DATASET\SteelDefectX\train_by_class\Inclusion\in_327.jpg
in_328,Inclusion,train,184,C:\Users\anmol\OneDrive\Desktop\Steel_Surface_Defect_NEU_DET-DATASET\SteelDefectX\train_by_class\Inclusion\in_328.jpg
in_330,Inclusion,train,186,C:\Users\anmol\OneDrive\Desktop\Steel_Surface_Defect_NEU_DET-DATASET\SteelDefectX\train_by_class\Inclusion\in_330.jpg
in_333,Inclusion,train,188,C:\Users\anmol\OneDrive\Desktop\Steel_Surface_Defect_NEU_DET-DATASET\SteelDefectX\train_by_class\Inclusion\in_333.jpg
in_339,Inclusion,train,192,C:\Users\anmol\OneDrive\Desktop\Steel_Surface_Defect_NEU_DET-DATASET\SteelDefectX\train_by_class\Inclusion\in_339.jpg
in_340,Inclusion,train,193,C:\Users\anmol\OneDrive\Desktop\Steel_Surface_Defect_NEU_DET-DATASET\SteelDefectX\train_by_class\Inclusion\in_340.jpg
in_341,Inclusion,train,194,C:\Users\anmol\OneDrive\Desktop\Steel_Surface_Defect_NEU_DET-DATASET\SteelDefectX\train_by_class\Inclusion\in_341.jpg
in_346,Inclusion,train,198,C:\Users\anmol\OneDrive\Desktop\Steel_Surface_Defect_NEU_DET-DATASET\SteelDefectX\train_by_class\Inclusion\in_346.jpg
in_349,Inclusion,train,200,C:\Users\anmol\OneDrive\Desktop\Steel_Surface_Defect_NEU_DET-DATASET\SteelDefectX\train_by_class\Inclusion\in_349.jpg
in_350,Inclusion,train,202,C:\Users\anmol\OneDrive\Desktop\Steel_Surface_Defect_NEU_DET-DATASET\SteelDefectX\train_by_class\Inclusion\in_350.jpg
in_351,Inclusion,train,203,C:\Users\anmol\OneDrive\Desktop\Steel_Surface_Defect_NEU_DET-DATASET\SteelDefectX\train_by_class\Inclusion\in_351.jpg
in_352,Inclusion,train,204,C:\Users\anmol\OneDrive\Desktop\Steel_Surface_Defect_NEU_DET-DATASET\SteelDefectX\train_by_class\Inclusion\in_352.jpg
in_354,Inclusion,train,205,C:\Users\anmol\OneDrive\Desktop\Steel_Surface_Defect_NEU_DET-DATASET\SteelDefectX\train_by_class\Inclusion\in_354.jpg
in_356,Inclusion,train,207,C:\Users\anmol\OneDrive\Desktop\Steel_Surface_Defect_NEU_DET-DATASET\SteelDefectX\train_by_class\Inclusion\in_356.jpg
in_357,Inclusion,train,208,C:\Users\anmol\OneDrive\Desktop\Steel_Surface_Defect_NEU_DET-DATASET\SteelDefectX\train_by_class\Inclusion\in_357.jpg
in_358,Inclusion,train,209,C:\Users\anmol\OneDrive\Desktop\Steel_Surface_Defect_NEU_DET-DATASET\SteelDefectX\train_by_class\Inclusion\in_358.jpg
in_36,Inclusion,train,210,C:\Users\anmol\OneDrive\Desktop\Steel_Surface_Defect_NEU_DET-DATASET\SteelDefectX\train_by_class\Inclusion\in_36.jpg
in_360,Inclusion,train,211,C:\Users\anmol\OneDrive\Desktop\Steel_Surface_Defect_NEU_DET-DATASET\SteelDefectX\train_by_class\Inclusion\in_360.jpg
in_361,Inclusion,train,212,C:\Users\anmol\OneDrive\Desktop\Steel_Surface_Defect_NEU_DET-DATASET\SteelDefectX\train_by_class\Inclusion\in_361.jpg
in_362,Inclusion,train,213,C:\Users\anmol\OneDrive\Desktop\Steel_Surface_Defect_NEU_DET-DATASET\SteelDefectX\train_by_class\Inclusion\in_362.jpg
in_363,Inclusion,train,214,C:\Users\anmol\OneDrive\Desktop\Steel_Surface_Defect_NEU_DET-DATASET\SteelDefectX\train_by_class\Inclusion\in_363.jpg
in_364,Inclusion,train,215,C:\Users\anmol\OneDrive\Desktop\Steel_Surface_Defect_NEU_DET-DATASET\SteelDefectX\train_by_class\Inclusion\in_364.jpg
in_365,Inclusion,train,216,C:\Users\anmol\OneDrive\Desktop\Steel_Surface_Defect_NEU_DET-DATASET\SteelDefectX\train_by_class\Inclusion\in_365.jpg
in_366,Inclusion,train,217,C:\Users\anmol\OneDrive\Desktop\Steel_Surface_Defect_NEU_DET-DATASET\SteelDefectX\train_by_class\Inclusion\in_366.jpg
in_369,Inclusion,train,218,C:\Users\anmol\OneDrive\Desktop\Steel_Surface_Defect_NEU_DET-DATASET\SteelDefectX\train_by_class\Inclusion\in_369.jpg
in_371,Inclusion,train,220,C:\Users\anmol\OneDrive\Desktop\Steel_Surface_Defect_NEU_DET-DATASET\SteelDefectX\train_by_class\Inclusion\in_371.jpg
in_372,Inclusion,train,221,C:\Users\anmol\OneDrive\Desktop\Steel_Surface_Defect_NEU_DET-DATASET\SteelDefectX\train_by_class\Inclusion\in_372.jpg
in_373,Inclusion,train,222,C:\Users\anmol\OneDrive\Desktop\Steel_Surface_Defect_NEU_DET-DATASET\SteelDefectX\train_by_class\Inclusion\in_373.jpg
in_374,Inclusion,train,223,C:\Users\anmol\OneDrive\Desktop\Steel_Surface_Defect_NEU_DET-DATASET\SteelDefectX\train_by_class\Inclusion\in_374.jpg
in_376,Inclusion,train,224,C:\Users\anmol\OneDrive\Desktop\Steel_Surface_Defect_NEU_DET-DATASET\SteelDefectX\train_by_class\Inclusion\in_376.jpg
in_382,Inclusion,train,227,C:\Users\anmol\OneDrive\Desktop\Steel_Surface_Defect_NEU_DET-DATASET\SteelDefectX\train_by_class\Inclusion\in_382.jpg
in_383,Inclusion,train,228,C:\Users\anmol\OneDrive\Desktop\Steel_Surface_Defect_NEU_DET-DATASET\SteelDefectX\train_by_class\Inclusion\in_383.jpg
in_386,Inclusion,train,229,C:\Users\anmol\OneDrive\Desktop\Steel_Surface_Defect_NEU_DET-DATASET\SteelDefectX\train_by_class\Inclusion\in_386.jpg
in_387,Inclusion,train,230,C:\Users\anmol\OneDrive\Desktop\Steel_Surface_Defect_NEU_DET-DATASET\SteelDefectX\train_by_class\Inclusion\in_387.jpg
in_388,Inclusion,train,231,C:\Users\anmol\OneDrive\Desktop\Steel_Surface_Defect_NEU_DET-DATASET\SteelDefectX\train_by_class\Inclusion\in_388.jpg
in_395,Inclusion,train,235,C:\Users\anmol\OneDrive\Desktop\Steel_Surface_Defect_NEU_DET-DATASET\SteelDefectX\train_by_class\Inclusion\in_395.jpg
in_398,Inclusion,train,237,C:\Users\anmol\OneDrive\Desktop\Steel_Surface_Defect_NEU_DET-DATASET\SteelDefectX\train_by_class\Inclusion\in_398.jpg
in_403,Inclusion,train,241,C:\Users\anmol\OneDrive\Desktop\Steel_Surface_Defect_NEU_DET-DATASET\SteelDefectX\train_by_class\Inclusion\in_403.jpg
in_404,Inclusion,train,242,C:\Users\anmol\OneDrive\Desktop\Steel_Surface_Defect_NEU_DET-DATASET\SteelDefectX\train_by_class\Inclusion\in_404.jpg
in_409,Inclusion,train,244,C:\Users\anmol\OneDrive\Desktop\Steel_Surface_Defect_NEU_DET-DATASET\SteelDefectX\train_by_class\Inclusion\in_409.jpg
in_41,Inclusion,train,245,C:\Users\anmol\OneDrive\Desktop\Steel_Surface_Defect_NEU_DET-DATASET\SteelDefectX\train_by_class\Inclusion\in_41.jpg
in_410,Inclusion,train,246,C:\Users\anmol\OneDrive\Desktop\Steel_Surface_Defect_NEU_DET-DATASET\SteelDefectX\train_by_class\Inclusion\in_410.jpg
in_411,Inclusion,train,247,C:\Users\anmol\OneDrive\Desktop\Steel_Surface_Defect_NEU_DET-DATASET\SteelDefectX\train_by_class\Inclusion\in_411.jpg
in_412,Inclusion,train,248,C:\Users\anmol\OneDrive\Desktop\Steel_Surface_Defect_NEU_DET-DATASET\SteelDefectX\train_by_class\Inclusion\in_412.jpg
in_414,Inclusion,train,250,C:\Users\anmol\OneDrive\Desktop\Steel_Surface_Defect_NEU_DET-DATASET\SteelDefectX\train_by_class\Inclusion\in_414.jpg
in_415,Inclusion,train,251,C:\Users\anmol\OneDrive\Desktop\Steel_Surface_Defect_NEU_DET-DATASET\SteelDefectX\train_by_class\Inclusion\in_415.jpg
in_416,Inclusion,train,252,C:\Users\anmol\OneDrive\Desktop\Steel_Surface_Defect_NEU_DET-DATASET\SteelDefectX\train_by_class\Inclusion\in_416.jpg
in_418,Inclusion,train,254,C:\Users\anmol\OneDrive\Desktop\Steel_Surface_Defect_NEU_DET-DATASET\SteelDefectX\train_by_class\Inclusion\in_418.jpg
in_423,Inclusion,train,256,C:\Users\anmol\OneDrive\Desktop\Steel_Surface_Defect_NEU_DET-DATASET\SteelDefectX\train_by_class\Inclusion\in_423.jpg
in_424,Inclusion,train,257,C:\Users\anmol\OneDrive\Desktop\Steel_Surface_Defect_NEU_DET-DATASET\SteelDefectX\train_by_class\Inclusion\in_424.jpg
in_425,Inclusion,train,258,C:\Users\anmol\OneDrive\Desktop\Steel_Surface_Defect_NEU_DET-DATASET\SteelDefectX\train_by_class\Inclusion\in_425.jpg
in_426,Inclusion,train,259,C:\Users\anmol\OneDrive\Desktop\Steel_Surface_Defect_NEU_DET-DATASET\SteelDefectX\train_by_class\Inclusion\in_426.jpg
in_427,Inclusion,train,260,C:\Users\anmol\OneDrive\Desktop\Steel_Surface_Defect_NEU_DET-DATASET\SteelDefectX\train_by_class\Inclusion\in_427.jpg
in_431,Inclusion,train,262,C:\Users\anmol\OneDrive\Desktop\Steel_Surface_Defect_NEU_DET-DATASET\SteelDefectX\train_by_class\Inclusion\in_431.jpg
in_432,Inclusion,train,263,C:\Users\anmol\OneDrive\Desktop\Steel_Surface_Defect_NEU_DET-DATASET\SteelDefectX\train_by_class\Inclusion\in_432.jpg
in_433,Inclusion,train,264,C:\Users\anmol\OneDrive\Desktop\Steel_Surface_Defect_NEU_DET-DATASET\SteelDefectX\train_by_class\Inclusion\in_433.jpg
in_435,Inclusion,train,265,C:\Users\anmol\OneDrive\Desktop\Steel_Surface_Defect_NEU_DET-DATASET\SteelDefectX\train_by_class\Inclusion\in_435.jpg
in_437,Inclusion,train,266,C:\Users\anmol\OneDrive\Desktop\Steel_Surface_Defect_NEU_DET-DATASET\SteelDefectX\train_by_class\Inclusion\in_437.jpg
in_438,Inclusion,train,267,C:\Users\anmol\OneDrive\Desktop\Steel_Surface_Defect_NEU_DET-DATASET\SteelDefectX\train_by_class\Inclusion\in_438.jpg
in_440,Inclusion,train,269,C:\Users\anmol\OneDrive\Desktop\Steel_Surface_Defect_NEU_DET-DATASET\SteelDefectX\train_by_class\Inclusion\in_440.jpg
in_441,Inclusion,train,270,C:\Users\anmol\OneDrive\Desktop\Steel_Surface_Defect_NEU_DET-DATASET\SteelDefectX\train_by_class\Inclusion\in_441.jpg
in_442,Inclusion,train,271,C:\Users\anmol\OneDrive\Desktop\Steel_Surface_Defect_NEU_DET-DATASET\SteelDefectX\train_by_class\Inclusion\in_442.jpg
in_447,Inclusion,train,274,C:\Users\anmol\OneDrive\Desktop\Steel_Surface_Defect_NEU_DET-DATASET\SteelDefectX\train_by_class\Inclusion\in_447.jpg
in_45,Inclusion,train,275,C:\Users\anmol\OneDrive\Desktop\Steel_Surface_Defect_NEU_DET-DATASET\SteelDefectX\train_by_class\Inclusion\in_45.jpg
in_450,Inclusion,train,276,C:\Users\anmol\OneDrive\Desktop\Steel_Surface_Defect_NEU_DET-DATASET\SteelDefectX\train_by_class\Inclusion\in_450.jpg
in_454,Inclusion,train,278,C:\Users\anmol\OneDrive\Desktop\Steel_Surface_Defect_NEU_DET-DATASET\SteelDefectX\train_by_class\Inclusion\in_454.jpg
in_46,Inclusion,train,284,C:\Users\anmol\OneDrive\Desktop\Steel_Surface_Defect_NEU_DET-DATASET\SteelDefectX\train_by_class\Inclusion\in_46.jpg
in_460,Inclusion,train,285,C:\Users\anmol\OneDrive\Desktop\Steel_Surface_Defect_NEU_DET-DATASET\SteelDefectX\train_by_class\Inclusion\in_460.jpg
in_461,Inclusion,train,286,C:\Users\anmol\OneDrive\Desktop\Steel_Surface_Defect_NEU_DET-DATASET\SteelDefectX\train_by_class\Inclusion\in_461.jpg
in_462,Inclusion,train,287,C:\Users\anmol\OneDrive\Desktop\Steel_Surface_Defect_NEU_DET-DATASET\SteelDefectX\train_by_class\Inclusion\in_462.jpg
in_466,Inclusion,train,288,C:\Users\anmol\OneDrive\Desktop\Steel_Surface_Defect_NEU_DET-DATASET\SteelDefectX\train_by_class\Inclusion\in_466.jpg
in_468,Inclusion,train,289,C:\Users\anmol\OneDrive\Desktop\Steel_Surface_Defect_NEU_DET-DATASET\SteelDefectX\train_by_class\Inclusion\in_468.jpg
in_47,Inclusion,train,290,C:\Users\anmol\OneDrive\Desktop\Steel_Surface_Defect_NEU_DET-DATASET\SteelDefectX\train_by_class\Inclusion\in_47.jpg
in_471,Inclusion,train,291,C:\Users\anmol\OneDrive\Desktop\Steel_Surface_Defect_NEU_DET-DATASET\SteelDefectX\train_by_class\Inclusion\in_471.jpg
in_472,Inclusion,train,292,C:\Users\anmol\OneDrive\Desktop\Steel_Surface_Defect_NEU_DET-DATASET\SteelDefectX\train_by_class\Inclusion\in_472.jpg
in_474,Inclusion,train,294,C:\Users\anmol\OneDrive\Desktop\Steel_Surface_Defect_NEU_DET-DATASET\SteelDefectX\train_by_class\Inclusion\in_474.jpg
in_477,Inclusion,train,296,C:\Users\anmol\OneDrive\Desktop\Steel_Surface_Defect_NEU_DET-DATASET\SteelDefectX\train_by_class\Inclusion\in_477.jpg
in_478,Inclusion,train,297,C:\Users\anmol\OneDrive\Desktop\Steel_Surface_Defect_NEU_DET-DATASET\SteelDefectX\train_by_class\Inclusion\in_478.jpg
in_479,Inclusion,train,298,C:\Users\anmol\OneDrive\Desktop\Steel_Surface_Defect_NEU_DET-DATASET\SteelDefectX\train_by_class\Inclusion\in_479.jpg
in_481,Inclusion,train,300,C:\Users\anmol\OneDrive\Desktop\Steel_Surface_Defect_NEU_DET-DATASET\SteelDefectX\train_by_class\Inclusion\in_481.jpg
in_490,Inclusion,train,305,C:\Users\anmol\OneDrive\Desktop\Steel_Surface_Defect_NEU_DET-DATASET\SteelDefectX\train_by_class\Inclusion\in_490.jpg
in_491,Inclusion,train,306,C:\Users\anmol\OneDrive\Desktop\Steel_Surface_Defect_NEU_DET-DATASET\SteelDefectX\train_by_class\Inclusion\in_491.jpg
in_493,Inclusion,train,307,C:\Users\anmol\OneDrive\Desktop\Steel_Surface_Defect_NEU_DET-DATASET\SteelDefectX\train_by_class\Inclusion\in_493.jpg
in_494,Inclusion,train,308,C:\Users\anmol\OneDrive\Desktop\Steel_Surface_Defect_NEU_DET-DATASET\SteelDefectX\train_by_class\Inclusion\in_494.jpg
in_50,Inclusion,train,309,C:\Users\anmol\OneDrive\Desktop\Steel_Surface_Defect_NEU_DET-DATASET\SteelDefectX\train_by_class\Inclusion\in_50.jpg
in_53,Inclusion,train,311,C:\Users\anmol\OneDrive\Desktop\Steel_Surface_Defect_NEU_DET-DATASET\SteelDefectX\train_by_class\Inclusion\in_53.jpg
in_54,Inclusion,train,312,C:\Users\anmol\OneDrive\Desktop\Steel_Surface_Defect_NEU_DET-DATASET\SteelDefectX\train_by_class\Inclusion\in_54.jpg
in_55,Inclusion,train,313,C:\Users\anmol\OneDrive\Desktop\Steel_Surface_Defect_NEU_DET-DATASET\SteelDefectX\train_by_class\Inclusion\in_55.jpg
in_56,Inclusion,train,314,C:\Users\anmol\OneDrive\Desktop\Steel_Surface_Defect_NEU_DET-DATASET\SteelDefectX\train_by_class\Inclusion\in_56.jpg
in_57,Inclusion,train,315,C:\Users\anmol\OneDrive\Desktop\Steel_Surface_Defect_NEU_DET-DATASET\SteelDefectX\train_by_class\Inclusion\in_57.jpg
in_59,Inclusion,train,316,C:\Users\anmol\OneDrive\Desktop\Steel_Surface_Defect_NEU_DET-DATASET\SteelDefectX\train_by_class\Inclusion\in_59.jpg
in_61,Inclusion,train,317,C:\Users\anmol\OneDrive\Desktop\Steel_Surface_Defect_NEU_DET-DATASET\SteelDefectX\train_by_class\Inclusion\in_61.jpg
in_66,Inclusion,train,320,C:\Users\anmol\OneDrive\Desktop\Steel_Surface_Defect_NEU_DET-DATASET\SteelDefectX\train_by_class\Inclusion\in_66.jpg
in_67,Inclusion,train,321,C:\Users\anmol\OneDrive\Desktop\Steel_Surface_Defect_NEU_DET-DATASET\SteelDefectX\train_by_class\Inclusion\in_67.jpg
in_68,Inclusion,train,322,C:\Users\anmol\OneDrive\Desktop\Steel_Surface_Defect_NEU_DET-DATASET\SteelDefectX\train_by_class\Inclusion\in_68.jpg
in_69,Inclusion,train,323,C:\Users\anmol\OneDrive\Desktop\Steel_Surface_Defect_NEU_DET-DATASET\SteelDefectX\train_by_class\Inclusion\in_69.jpg
in_70,Inclusion,train,324,C:\Users\anmol\OneDrive\Desktop\Steel_Surface_Defect_NEU_DET-DATASET\SteelDefectX\train_by_class\Inclusion\in_70.jpg
in_75,Inclusion,train,327,C:\Users\anmol\OneDrive\Desktop\Steel_Surface_Defect_NEU_DET-DATASET\SteelDefectX\train_by_class\Inclusion\in_75.jpg
in_76,Inclusion,train,328,C:\Users\anmol\OneDrive\Desktop\Steel_Surface_Defect_NEU_DET-DATASET\SteelDefectX\train_by_class\Inclusion\in_76.jpg
in_78,Inclusion,train,329,C:\Users\anmol\OneDrive\Desktop\Steel_Surface_Defect_NEU_DET-DATASET\SteelDefectX\train_by_class\Inclusion\in_78.jpg
in_79,Inclusion,train,330,C:\Users\anmol\OneDrive\Desktop\Steel_Surface_Defect_NEU_DET-DATASET\SteelDefectX\train_by_class\Inclusion\in_79.jpg
in_81,Inclusion,train,332,C:\Users\anmol\OneDrive\Desktop\Steel_Surface_Defect_NEU_DET-DATASET\SteelDefectX\train_by_class\Inclusion\in_81.jpg
in_82,Inclusion,train,333,C:\Users\anmol\OneDrive\Desktop\Steel_Surface_Defect_NEU_DET-DATASET\SteelDefectX\train_by_class\Inclusion\in_82.jpg
in_83,Inclusion,train,334,C:\Users\anmol\OneDrive\Desktop\Steel_Surface_Defect_NEU_DET-DATASET\SteelDefectX\train_by_class\Inclusion\in_83.jpg
in_87,Inclusion,train,337,C:\Users\anmol\OneDrive\Desktop\Steel_Surface_Defect_NEU_DET-DATASET\SteelDefectX\train_by_class\Inclusion\in_87.jpg
in_88,Inclusion,train,338,C:\Users\anmol\OneDrive\Desktop\Steel_Surface_Defect_NEU_DET-DATASET\SteelDefectX\train_by_class\Inclusion\in_88.jpg
in_90,Inclusion,train,340,C:\Users\anmol\OneDrive\Desktop\Steel_Surface_Defect_NEU_DET-DATASET\SteelDefectX\train_by_class\Inclusion\in_90.jpg
in_93,Inclusion,train,343,C:\Users\anmol\OneDrive\Desktop\Steel_Surface_Defect_NEU_DET-DATASET\SteelDefectX\train_by_class\Inclusion\in_93.jpg
in_94,Inclusion,train,344,C:\Users\anmol\OneDrive\Desktop\Steel_Surface_Defect_NEU_DET-DATASET\SteelDefectX\train_by_class\Inclusion\in_94.jpg
in_95,Inclusion,train,345,C:\Users\anmol\OneDrive\Desktop\Steel_Surface_Defect_NEU_DET-DATASET\SteelDefectX\train_by_class\Inclusion\in_95.jpg
in_96,Inclusion,train,346,C:\Users\anmol\OneDrive\Desktop\Steel_Surface_Defect_NEU_DET-DATASET\SteelDefectX\train_by_class\Inclusion\in_96.jpg
in_97,Inclusion,train,347,C:\Users\anmol\OneDrive\Desktop\Steel_Surface_Defect_NEU_DET-DATASET\SteelDefectX\train_by_class\Inclusion\in_97.jpg
in_98,Inclusion,train,348,C:\Users\anmol\OneDrive\Desktop\Steel_Surface_Defect_NEU_DET-DATASET\SteelDefectX\train_by_class\Inclusion\in_98.jpg
in_99,Inclusion,train,349,C:\Users\anmol\OneDrive\Desktop\Steel_Surface_Defect_NEU_DET-DATASET\SteelDefectX\train_by_class\Inclusion\in_99.jpg
in_135,Inclusion,val,31,C:\Users\anmol\OneDrive\Desktop\Steel_Surface_Defect_NEU_DET-DATASET\SteelDefectX\train_by_class\Inclusion\in_135.jpg
in_136,Inclusion,val,32,C:\Users\anmol\OneDrive\Desktop\Steel_Surface_Defect_NEU_DET-DATASET\SteelDefectX\train_by_class\Inclusion\in_136.jpg
in_139,Inclusion,val,35,C:\Users\anmol\OneDrive\Desktop\Steel_Surface_Defect_NEU_DET-DATASET\SteelDefectX\train_by_class\Inclusion\in_139.jpg
in_151,Inclusion,val,42,C:\Users\anmol\OneDrive\Desktop\Steel_Surface_Defect_NEU_DET-DATASET\SteelDefectX\train_by_class\Inclusion\in_151.jpg
in_159,Inclusion,val,49,C:\Users\anmol\OneDrive\Desktop\Steel_Surface_Defect_NEU_DET-DATASET\SteelDefectX\train_by_class\Inclusion\in_159.jpg
in_169,Inclusion,val,56,C:\Users\anmol\OneDrive\Desktop\Steel_Surface_Defect_NEU_DET-DATASET\SteelDefectX\train_by_class\Inclusion\in_169.jpg
in_172,Inclusion,val,59,C:\Users\anmol\OneDrive\Desktop\Steel_Surface_Defect_NEU_DET-DATASET\SteelDefectX\train_by_class\Inclusion\in_172.jpg
in_173,Inclusion,val,60,C:\Users\anmol\OneDrive\Desktop\Steel_Surface_Defect_NEU_DET-DATASET\SteelDefectX\train_by_class\Inclusion\in_173.jpg
in_216,Inclusion,val,94,C:\Users\anmol\OneDrive\Desktop\Steel_Surface_Defect_NEU_DET-DATASET\SteelDefectX\train_by_class\Inclusion\in_216.jpg
in_227,Inclusion,val,102,C:\Users\anmol\OneDrive\Desktop\Steel_Surface_Defect_NEU_DET-DATASET\SteelDefectX\train_by_class\Inclusion\in_227.jpg
in_229,Inclusion,val,103,C:\Users\anmol\OneDrive\Desktop\Steel_Surface_Defect_NEU_DET-DATASET\SteelDefectX\train_by_class\Inclusion\in_229.jpg
in_24,Inclusion,val,111,C:\Users\anmol\OneDrive\Desktop\Steel_Surface_Defect_NEU_DET-DATASET\SteelDefectX\train_by_class\Inclusion\in_24.jpg
in_248,Inclusion,val,118,C:\Users\anmol\OneDrive\Desktop\Steel_Surface_Defect_NEU_DET-DATASET\SteelDefectX\train_by_class\Inclusion\in_248.jpg
in_264,Inclusion,val,130,C:\Users\anmol\OneDrive\Desktop\Steel_Surface_Defect_NEU_DET-DATASET\SteelDefectX\train_by_class\Inclusion\in_264.jpg
in_28,Inclusion,val,142,C:\Users\anmol\OneDrive\Desktop\Steel_Surface_Defect_NEU_DET-DATASET\SteelDefectX\train_by_class\Inclusion\in_28.jpg
in_308,Inclusion,val,167,C:\Users\anmol\OneDrive\Desktop\Steel_Surface_Defect_NEU_DET-DATASET\SteelDefectX\train_by_class\Inclusion\in_308.jpg
in_311,Inclusion,val,171,C:\Users\anmol\OneDrive\Desktop\Steel_Surface_Defect_NEU_DET-DATASET\SteelDefectX\train_by_class\Inclusion\in_311.jpg
in_312,Inclusion,val,172,C:\Users\anmol\OneDrive\Desktop\Steel_Surface_Defect_NEU_DET-DATASET\SteelDefectX\train_by_class\Inclusion\in_312.jpg
in_320,Inclusion,val,178,C:\Users\anmol\OneDrive\Desktop\Steel_Surface_Defect_NEU_DET-DATASET\SteelDefectX\train_by_class\Inclusion\in_320.jpg
in_33,Inclusion,val,185,C:\Users\anmol\OneDrive\Desktop\Steel_Surface_Defect_NEU_DET-DATASET\SteelDefectX\train_by_class\Inclusion\in_33.jpg
in_336,Inclusion,val,190,C:\Users\anmol\OneDrive\Desktop\Steel_Surface_Defect_NEU_DET-DATASET\SteelDefectX\train_by_class\Inclusion\in_336.jpg
in_337,Inclusion,val,191,C:\Users\anmol\OneDrive\Desktop\Steel_Surface_Defect_NEU_DET-DATASET\SteelDefectX\train_by_class\Inclusion\in_337.jpg
in_342,Inclusion,val,195,C:\Users\anmol\OneDrive\Desktop\Steel_Surface_Defect_NEU_DET-DATASET\SteelDefectX\train_by_class\Inclusion\in_342.jpg
in_355,Inclusion,val,206,C:\Users\anmol\OneDrive\Desktop\Steel_Surface_Defect_NEU_DET-DATASET\SteelDefectX\train_by_class\Inclusion\in_355.jpg
in_377,Inclusion,val,225,C:\Users\anmol\OneDrive\Desktop\Steel_Surface_Defect_NEU_DET-DATASET\SteelDefectX\train_by_class\Inclusion\in_377.jpg
in_392,Inclusion,val,233,C:\Users\anmol\OneDrive\Desktop\Steel_Surface_Defect_NEU_DET-DATASET\SteelDefectX\train_by_class\Inclusion\in_392.jpg
in_401,Inclusion,val,239,C:\Users\anmol\OneDrive\Desktop\Steel_Surface_Defect_NEU_DET-DATASET\SteelDefectX\train_by_class\Inclusion\in_401.jpg
in_402,Inclusion,val,240,C:\Users\anmol\OneDrive\Desktop\Steel_Surface_Defect_NEU_DET-DATASET\SteelDefectX\train_by_class\Inclusion\in_402.jpg
in_417,Inclusion,val,253,C:\Users\anmol\OneDrive\Desktop\Steel_Surface_Defect_NEU_DET-DATASET\SteelDefectX\train_by_class\Inclusion\in_417.jpg
in_420,Inclusion,val,255,C:\Users\anmol\OneDrive\Desktop\Steel_Surface_Defect_NEU_DET-DATASET\SteelDefectX\train_by_class\Inclusion\in_420.jpg
in_452,Inclusion,val,277,C:\Users\anmol\OneDrive\Desktop\Steel_Surface_Defect_NEU_DET-DATASET\SteelDefectX\train_by_class\Inclusion\in_452.jpg
in_457,Inclusion,val,281,C:\Users\anmol\OneDrive\Desktop\Steel_Surface_Defect_NEU_DET-DATASET\SteelDefectX\train_by_class\Inclusion\in_457.jpg
in_48,Inclusion,val,299,C:\Users\anmol\OneDrive\Desktop\Steel_Surface_Defect_NEU_DET-DATASET\SteelDefectX\train_by_class\Inclusion\in_48.jpg
in_487,Inclusion,val,303,C:\Users\anmol\OneDrive\Desktop\Steel_Surface_Defect_NEU_DET-DATASET\SteelDefectX\train_by_class\Inclusion\in_487.jpg
in_74,Inclusion,val,326,C:\Users\anmol\OneDrive\Desktop\Steel_Surface_Defect_NEU_DET-DATASET\SteelDefectX\train_by_class\Inclusion\in_74.jpg
ds_108,Scratches,test,360,C:\Users\anmol\OneDrive\Desktop\Steel_Surface_Defect_NEU_DET-DATASET\SteelDefectX\train_by_class\Scratches\ds_108.jpg
ds_115,Scratches,test,365,C:\Users\anmol\OneDrive\Desktop\Steel_Surface_Defect_NEU_DET-DATASET\SteelDefectX\train_by_class\Scratches\ds_115.jpg
ds_119,Scratches,test,367,C:\Users\anmol\OneDrive\Desktop\Steel_Surface_Defect_NEU_DET-DATASET\SteelDefectX\train_by_class\Scratches\ds_119.jpg
ds_122,Scratches,test,369,C:\Users\anmol\OneDrive\Desktop\Steel_Surface_Defect_NEU_DET-DATASET\SteelDefectX\train_by_class\Scratches\ds_122.jpg
ds_132,Scratches,test,372,C:\Users\anmol\OneDrive\Desktop\Steel_Surface_Defect_NEU_DET-DATASET\SteelDefectX\train_by_class\Scratches\ds_132.jpg
ds_139,Scratches,test,377,C:\Users\anmol\OneDrive\Desktop\Steel_Surface_Defect_NEU_DET-DATASET\SteelDefectX\train_by_class\Scratches\ds_139.jpg
ds_143,Scratches,test,381,C:\Users\anmol\OneDrive\Desktop\Steel_Surface_Defect_NEU_DET-DATASET\SteelDefectX\train_by_class\Scratches\ds_143.jpg
ds_144,Scratches,test,382,C:\Users\anmol\OneDrive\Desktop\Steel_Surface_Defect_NEU_DET-DATASET\SteelDefectX\train_by_class\Scratches\ds_144.jpg
ds_148,Scratches,test,385,C:\Users\anmol\OneDrive\Desktop\Steel_Surface_Defect_NEU_DET-DATASET\SteelDefectX\train_by_class\Scratches\ds_148.jpg
ds_159,Scratches,test,394,C:\Users\anmol\OneDrive\Desktop\Steel_Surface_Defect_NEU_DET-DATASET\SteelDefectX\train_by_class\Scratches\ds_159.jpg
ds_169,Scratches,test,403,C:\Users\anmol\OneDrive\Desktop\Steel_Surface_Defect_NEU_DET-DATASET\SteelDefectX\train_by_class\Scratches\ds_169.jpg
ds_176,Scratches,test,409,C:\Users\anmol\OneDrive\Desktop\Steel_Surface_Defect_NEU_DET-DATASET\SteelDefectX\train_by_class\Scratches\ds_176.jpg
ds_179,Scratches,test,411,C:\Users\anmol\OneDrive\Desktop\Steel_Surface_Defect_NEU_DET-DATASET\SteelDefectX\train_by_class\Scratches\ds_179.jpg
ds_187,Scratches,test,417,C:\Users\anmol\OneDrive\Desktop\Steel_Surface_Defect_NEU_DET-DATASET\SteelDefectX\train_by_class\Scratches\ds_187.jpg
ds_188,Scratches,test,418,C:\Users\anmol\OneDrive\Desktop\Steel_Surface_Defect_NEU_DET-DATASET\SteelDefectX\train_by_class\Scratches\ds_188.jpg
ds_189,Scratches,test,419,C:\Users\anmol\OneDrive\Desktop\Steel_Surface_Defect_NEU_DET-DATASET\SteelDefectX\train_by_class\Scratches\ds_189.jpg
ds_194,Scratches,test,421,C:\Users\anmol\OneDrive\Desktop\Steel_Surface_Defect_NEU_DET-DATASET\SteelDefectX\train_by_class\Scratches\ds_194.jpg
ds_20,Scratches,test,425,C:\Users\anmol\OneDrive\Desktop\Steel_Surface_Defect_NEU_DET-DATASET\SteelDefectX\train_by_class\Scratches\ds_20.jpg
ds_206,Scratches,test,429,C:\Users\anmol\OneDrive\Desktop\Steel_Surface_Defect_NEU_DET-DATASET\SteelDefectX\train_by_class\Scratches\ds_206.jpg
ds_231,Scratches,test,446,C:\Users\anmol\OneDrive\Desktop\Steel_Surface_Defect_NEU_DET-DATASET\SteelDefectX\train_by_class\Scratches\ds_231.jpg
ds_238,Scratches,test,452,C:\Users\anmol\OneDrive\Desktop\Steel_Surface_Defect_NEU_DET-DATASET\SteelDefectX\train_by_class\Scratches\ds_238.jpg
ds_239,Scratches,test,453,C:\Users\anmol\OneDrive\Desktop\Steel_Surface_Defect_NEU_DET-DATASET\SteelDefectX\train_by_class\Scratches\ds_239.jpg
ds_245,Scratches,test,458,C:\Users\anmol\OneDrive\Desktop\Steel_Surface_Defect_NEU_DET-DATASET\SteelDefectX\train_by_class\Scratches\ds_245.jpg
ds_248,Scratches,test,461,C:\Users\anmol\OneDrive\Desktop\Steel_Surface_Defect_NEU_DET-DATASET\SteelDefectX\train_by_class\Scratches\ds_248.jpg
ds_25,Scratches,test,463,C:\Users\anmol\OneDrive\Desktop\Steel_Surface_Defect_NEU_DET-DATASET\SteelDefectX\train_by_class\Scratches\ds_25.jpg
ds_251,Scratches,test,465,C:\Users\anmol\OneDrive\Desktop\Steel_Surface_Defect_NEU_DET-DATASET\SteelDefectX\train_by_class\Scratches\ds_251.jpg
ds_253,Scratches,test,467,C:\Users\anmol\OneDrive\Desktop\Steel_Surface_Defect_NEU_DET-DATASET\SteelDefectX\train_by_class\Scratches\ds_253.jpg
ds_255,Scratches,test,469,C:\Users\anmol\OneDrive\Desktop\Steel_Surface_Defect_NEU_DET-DATASET\SteelDefectX\train_by_class\Scratches\ds_255.jpg
ds_258,Scratches,test,472,C:\Users\anmol\OneDrive\Desktop\Steel_Surface_Defect_NEU_DET-DATASET\SteelDefectX\train_by_class\Scratches\ds_258.jpg
ds_267,Scratches,test,478,C:\Users\anmol\OneDrive\Desktop\Steel_Surface_Defect_NEU_DET-DATASET\SteelDefectX\train_by_class\Scratches\ds_267.jpg
ds_271,Scratches,test,482,C:\Users\anmol\OneDrive\Desktop\Steel_Surface_Defect_NEU_DET-DATASET\SteelDefectX\train_by_class\Scratches\ds_271.jpg
ds_272,Scratches,test,483,C:\Users\anmol\OneDrive\Desktop\Steel_Surface_Defect_NEU_DET-DATASET\SteelDefectX\train_by_class\Scratches\ds_272.jpg
ds_274,Scratches,test,485,C:\Users\anmol\OneDrive\Desktop\Steel_Surface_Defect_NEU_DET-DATASET\SteelDefectX\train_by_class\Scratches\ds_274.jpg
ds_277,Scratches,test,487,C:\Users\anmol\OneDrive\Desktop\Steel_Surface_Defect_NEU_DET-DATASET\SteelDefectX\train_by_class\Scratches\ds_277.jpg
ds_301,Scratches,test,506,C:\Users\anmol\OneDrive\Desktop\Steel_Surface_Defect_NEU_DET-DATASET\SteelDefectX\train_by_class\Scratches\ds_301.jpg
ds_302,Scratches,test,507,C:\Users\anmol\OneDrive\Desktop\Steel_Surface_Defect_NEU_DET-DATASET\SteelDefectX\train_by_class\Scratches\ds_302.jpg
ds_304,Scratches,test,509,C:\Users\anmol\OneDrive\Desktop\Steel_Surface_Defect_NEU_DET-DATASET\SteelDefectX\train_by_class\Scratches\ds_304.jpg
ds_310,Scratches,test,511,C:\Users\anmol\OneDrive\Desktop\Steel_Surface_Defect_NEU_DET-DATASET\SteelDefectX\train_by_class\Scratches\ds_310.jpg
ds_318,Scratches,test,517,C:\Users\anmol\OneDrive\Desktop\Steel_Surface_Defect_NEU_DET-DATASET\SteelDefectX\train_by_class\Scratches\ds_318.jpg
ds_57,Scratches,test,550,C:\Users\anmol\OneDrive\Desktop\Steel_Surface_Defect_NEU_DET-DATASET\SteelDefectX\train_by_class\Scratches\ds_57.jpg
ds_62,Scratches,test,555,C:\Users\anmol\OneDrive\Desktop\Steel_Surface_Defect_NEU_DET-DATASET\SteelDefectX\train_by_class\Scratches\ds_62.jpg
ds_63,Scratches,test,556,C:\Users\anmol\OneDrive\Desktop\Steel_Surface_Defect_NEU_DET-DATASET\SteelDefectX\train_by_class\Scratches\ds_63.jpg
ds_71,Scratches,test,564,C:\Users\anmol\OneDrive\Desktop\Steel_Surface_Defect_NEU_DET-DATASET\SteelDefectX\train_by_class\Scratches\ds_71.jpg
ds_72,Scratches,test,565,C:\Users\anmol\OneDrive\Desktop\Steel_Surface_Defect_NEU_DET-DATASET\SteelDefectX\train_by_class\Scratches\ds_72.jpg
ds_85,Scratches,test,575,C:\Users\anmol\OneDrive\Desktop\Steel_Surface_Defect_NEU_DET-DATASET\SteelDefectX\train_by_class\Scratches\ds_85.jpg
ds_92,Scratches,test,581,C:\Users\anmol\OneDrive\Desktop\Steel_Surface_Defect_NEU_DET-DATASET\SteelDefectX\train_by_class\Scratches\ds_92.jpg
ds_96,Scratches,test,582,C:\Users\anmol\OneDrive\Desktop\Steel_Surface_Defect_NEU_DET-DATASET\SteelDefectX\train_by_class\Scratches\ds_96.jpg
ds_04,Scratches,train,350,C:\Users\anmol\OneDrive\Desktop\Steel_Surface_Defect_NEU_DET-DATASET\SteelDefectX\train_by_class\Scratches\ds_04.jpg
ds_05,Scratches,train,351,C:\Users\anmol\OneDrive\Desktop\Steel_Surface_Defect_NEU_DET-DATASET\SteelDefectX\train_by_class\Scratches\ds_05.jpg
ds_06,Scratches,train,352,C:\Users\anmol\OneDrive\Desktop\Steel_Surface_Defect_NEU_DET-DATASET\SteelDefectX\train_by_class\Scratches\ds_06.jpg
ds_08,Scratches,train,353,C:\Users\anmol\OneDrive\Desktop\Steel_Surface_Defect_NEU_DET-DATASET\SteelDefectX\train_by_class\Scratches\ds_08.jpg
ds_100,Scratches,train,354,C:\Users\anmol\OneDrive\Desktop\Steel_Surface_Defect_NEU_DET-DATASET\SteelDefectX\train_by_class\Scratches\ds_100.jpg
ds_101,Scratches,train,355,C:\Users\anmol\OneDrive\Desktop\Steel_Surface_Defect_NEU_DET-DATASET\SteelDefectX\train_by_class\Scratches\ds_101.jpg
ds_102,Scratches,train,356,C:\Users\anmol\OneDrive\Desktop\Steel_Surface_Defect_NEU_DET-DATASET\SteelDefectX\train_by_class\Scratches\ds_102.jpg
ds_103,Scratches,train,357,C:\Users\anmol\OneDrive\Desktop\Steel_Surface_Defect_NEU_DET-DATASET\SteelDefectX\train_by_class\Scratches\ds_103.jpg
ds_104,Scratches,train,358,C:\Users\anmol\OneDrive\Desktop\Steel_Surface_Defect_NEU_DET-DATASET\SteelDefectX\train_by_class\Scratches\ds_104.jpg
ds_105,Scratches,train,359,C:\Users\anmol\OneDrive\Desktop\Steel_Surface_Defect_NEU_DET-DATASET\SteelDefectX\train_by_class\Scratches\ds_105.jpg
ds_111,Scratches,train,362,C:\Users\anmol\OneDrive\Desktop\Steel_Surface_Defect_NEU_DET-DATASET\SteelDefectX\train_by_class\Scratches\ds_111.jpg
ds_112,Scratches,train,363,C:\Users\anmol\OneDrive\Desktop\Steel_Surface_Defect_NEU_DET-DATASET\SteelDefectX\train_by_class\Scratches\ds_112.jpg
ds_116,Scratches,train,366,C:\Users\anmol\OneDrive\Desktop\Steel_Surface_Defect_NEU_DET-DATASET\SteelDefectX\train_by_class\Scratches\ds_116.jpg
ds_12,Scratches,train,368,C:\Users\anmol\OneDrive\Desktop\Steel_Surface_Defect_NEU_DET-DATASET\SteelDefectX\train_by_class\Scratches\ds_12.jpg
ds_131,Scratches,train,371,C:\Users\anmol\OneDrive\Desktop\Steel_Surface_Defect_NEU_DET-DATASET\SteelDefectX\train_by_class\Scratches\ds_131.jpg
ds_134,Scratches,train,373,C:\Users\anmol\OneDrive\Desktop\Steel_Surface_Defect_NEU_DET-DATASET\SteelDefectX\train_by_class\Scratches\ds_134.jpg
ds_136,Scratches,train,374,C:\Users\anmol\OneDrive\Desktop\Steel_Surface_Defect_NEU_DET-DATASET\SteelDefectX\train_by_class\Scratches\ds_136.jpg
ds_137,Scratches,train,375,C:\Users\anmol\OneDrive\Desktop\Steel_Surface_Defect_NEU_DET-DATASET\SteelDefectX\train_by_class\Scratches\ds_137.jpg
ds_138,Scratches,train,376,C:\Users\anmol\OneDrive\Desktop\Steel_Surface_Defect_NEU_DET-DATASET\SteelDefectX\train_by_class\Scratches\ds_138.jpg
ds_141,Scratches,train,379,C:\Users\anmol\OneDrive\Desktop\Steel_Surface_Defect_NEU_DET-DATASET\SteelDefectX\train_by_class\Scratches\ds_141.jpg
ds_142,Scratches,train,380,C:\Users\anmol\OneDrive\Desktop\Steel_Surface_Defect_NEU_DET-DATASET\SteelDefectX\train_by_class\Scratches\ds_142.jpg
ds_145,Scratches,train,383,C:\Users\anmol\OneDrive\Desktop\Steel_Surface_Defect_NEU_DET-DATASET\SteelDefectX\train_by_class\Scratches\ds_145.jpg
ds_146,Scratches,train,384,C:\Users\anmol\OneDrive\Desktop\Steel_Surface_Defect_NEU_DET-DATASET\SteelDefectX\train_by_class\Scratches\ds_146.jpg
ds_149,Scratches,train,386,C:\Users\anmol\OneDrive\Desktop\Steel_Surface_Defect_NEU_DET-DATASET\SteelDefectX\train_by_class\Scratches\ds_149.jpg
ds_15,Scratches,train,387,C:\Users\anmol\OneDrive\Desktop\Steel_Surface_Defect_NEU_DET-DATASET\SteelDefectX\train_by_class\Scratches\ds_15.jpg
ds_150,Scratches,train,388,C:\Users\anmol\OneDrive\Desktop\Steel_Surface_Defect_NEU_DET-DATASET\SteelDefectX\train_by_class\Scratches\ds_150.jpg
ds_151,Scratches,train,389,C:\Users\anmol\OneDrive\Desktop\Steel_Surface_Defect_NEU_DET-DATASET\SteelDefectX\train_by_class\Scratches\ds_151.jpg
ds_152,Scratches,train,390,C:\Users\anmol\OneDrive\Desktop\Steel_Surface_Defect_NEU_DET-DATASET\SteelDefectX\train_by_class\Scratches\ds_152.jpg
ds_153,Scratches,train,391,C:\Users\anmol\OneDrive\Desktop\Steel_Surface_Defect_NEU_DET-DATASET\SteelDefectX\train_by_class\Scratches\ds_153.jpg
ds_154,Scratches,train,392,C:\Users\anmol\OneDrive\Desktop\Steel_Surface_Defect_NEU_DET-DATASET\SteelDefectX\train_by_class\Scratches\ds_154.jpg
ds_156,Scratches,train,393,C:\Users\anmol\OneDrive\Desktop\Steel_Surface_Defect_NEU_DET-DATASET\SteelDefectX\train_by_class\Scratches\ds_156.jpg
ds_16,Scratches,train,395,C:\Users\anmol\OneDrive\Desktop\Steel_Surface_Defect_NEU_DET-DATASET\SteelDefectX\train_by_class\Scratches\ds_16.jpg
ds_160,Scratches,train,396,C:\Users\anmol\OneDrive\Desktop\Steel_Surface_Defect_NEU_DET-DATASET\SteelDefectX\train_by_class\Scratches\ds_160.jpg
ds_161,Scratches,train,397,C:\Users\anmol\OneDrive\Desktop\Steel_Surface_Defect_NEU_DET-DATASET\SteelDefectX\train_by_class\Scratches\ds_161.jpg
ds_163,Scratches,train,398,C:\Users\anmol\OneDrive\Desktop\Steel_Surface_Defect_NEU_DET-DATASET\SteelDefectX\train_by_class\Scratches\ds_163.jpg
ds_164,Scratches,train,399,C:\Users\anmol\OneDrive\Desktop\Steel_Surface_Defect_NEU_DET-DATASET\SteelDefectX\train_by_class\Scratches\ds_164.jpg
ds_165,Scratches,train,400,C:\Users\anmol\OneDrive\Desktop\Steel_Surface_Defect_NEU_DET-DATASET\SteelDefectX\train_by_class\Scratches\ds_165.jpg
ds_166,Scratches,train,401,C:\Users\anmol\OneDrive\Desktop\Steel_Surface_Defect_NEU_DET-DATASET\SteelDefectX\train_by_class\Scratches\ds_166.jpg
ds_168,Scratches,train,402,C:\Users\anmol\OneDrive\Desktop\Steel_Surface_Defect_NEU_DET-DATASET\SteelDefectX\train_by_class\Scratches\ds_168.jpg
ds_170,Scratches,train,404,C:\Users\anmol\OneDrive\Desktop\Steel_Surface_Defect_NEU_DET-DATASET\SteelDefectX\train_by_class\Scratches\ds_170.jpg
ds_171,Scratches,train,405,C:\Users\anmol\OneDrive\Desktop\Steel_Surface_Defect_NEU_DET-DATASET\SteelDefectX\train_by_class\Scratches\ds_171.jpg
ds_172,Scratches,train,406,C:\Users\anmol\OneDrive\Desktop\Steel_Surface_Defect_NEU_DET-DATASET\SteelDefectX\train_by_class\Scratches\ds_172.jpg
ds_173,Scratches,train,407,C:\Users\anmol\OneDrive\Desktop\Steel_Surface_Defect_NEU_DET-DATASET\SteelDefectX\train_by_class\Scratches\ds_173.jpg
ds_178,Scratches,train,410,C:\Users\anmol\OneDrive\Desktop\Steel_Surface_Defect_NEU_DET-DATASET\SteelDefectX\train_by_class\Scratches\ds_178.jpg
ds_18,Scratches,train,412,C:\Users\anmol\OneDrive\Desktop\Steel_Surface_Defect_NEU_DET-DATASET\SteelDefectX\train_by_class\Scratches\ds_18.jpg
ds_180,Scratches,train,413,C:\Users\anmol\OneDrive\Desktop\Steel_Surface_Defect_NEU_DET-DATASET\SteelDefectX\train_by_class\Scratches\ds_180.jpg
ds_182,Scratches,train,414,C:\Users\anmol\OneDrive\Desktop\Steel_Surface_Defect_NEU_DET-DATASET\SteelDefectX\train_by_class\Scratches\ds_182.jpg
ds_184,Scratches,train,415,C:\Users\anmol\OneDrive\Desktop\Steel_Surface_Defect_NEU_DET-DATASET\SteelDefectX\train_by_class\Scratches\ds_184.jpg
ds_185,Scratches,train,416,C:\Users\anmol\OneDrive\Desktop\Steel_Surface_Defect_NEU_DET-DATASET\SteelDefectX\train_by_class\Scratches\ds_185.jpg
ds_19,Scratches,train,420,C:\Users\anmol\OneDrive\Desktop\Steel_Surface_Defect_NEU_DET-DATASET\SteelDefectX\train_by_class\Scratches\ds_19.jpg
ds_196,Scratches,train,422,C:\Users\anmol\OneDrive\Desktop\Steel_Surface_Defect_NEU_DET-DATASET\SteelDefectX\train_by_class\Scratches\ds_196.jpg
ds_197,Scratches,train,423,C:\Users\anmol\OneDrive\Desktop\Steel_Surface_Defect_NEU_DET-DATASET\SteelDefectX\train_by_class\Scratches\ds_197.jpg
ds_199,Scratches,train,424,C:\Users\anmol\OneDrive\Desktop\Steel_Surface_Defect_NEU_DET-DATASET\SteelDefectX\train_by_class\Scratches\ds_199.jpg
ds_200,Scratches,train,426,C:\Users\anmol\OneDrive\Desktop\Steel_Surface_Defect_NEU_DET-DATASET\SteelDefectX\train_by_class\Scratches\ds_200.jpg
ds_203,Scratches,train,427,C:\Users\anmol\OneDrive\Desktop\Steel_Surface_Defect_NEU_DET-DATASET\SteelDefectX\train_by_class\Scratches\ds_203.jpg
ds_208,Scratches,train,430,C:\Users\anmol\OneDrive\Desktop\Steel_Surface_Defect_NEU_DET-DATASET\SteelDefectX\train_by_class\Scratches\ds_208.jpg
ds_209,Scratches,train,431,C:\Users\anmol\OneDrive\Desktop\Steel_Surface_Defect_NEU_DET-DATASET\SteelDefectX\train_by_class\Scratches\ds_209.jpg
ds_21,Scratches,train,432,C:\Users\anmol\OneDrive\Desktop\Steel_Surface_Defect_NEU_DET-DATASET\SteelDefectX\train_by_class\Scratches\ds_21.jpg
ds_213,Scratches,train,434,C:\Users\anmol\OneDrive\Desktop\Steel_Surface_Defect_NEU_DET-DATASET\SteelDefectX\train_by_class\Scratches\ds_213.jpg
ds_214,Scratches,train,435,C:\Users\anmol\OneDrive\Desktop\Steel_Surface_Defect_NEU_DET-DATASET\SteelDefectX\train_by_class\Scratches\ds_214.jpg
ds_215,Scratches,train,436,C:\Users\anmol\OneDrive\Desktop\Steel_Surface_Defect_NEU_DET-DATASET\SteelDefectX\train_by_class\Scratches\ds_215.jpg
ds_216,Scratches,train,437,C:\Users\anmol\OneDrive\Desktop\Steel_Surface_Defect_NEU_DET-DATASET\SteelDefectX\train_by_class\Scratches\ds_216.jpg
ds_217,Scratches,train,438,C:\Users\anmol\OneDrive\Desktop\Steel_Surface_Defect_NEU_DET-DATASET\SteelDefectX\train_by_class\Scratches\ds_217.jpg
ds_224,Scratches,train,439,C:\Users\anmol\OneDrive\Desktop\Steel_Surface_Defect_NEU_DET-DATASET\SteelDefectX\train_by_class\Scratches\ds_224.jpg
ds_226,Scratches,train,440,C:\Users\anmol\OneDrive\Desktop\Steel_Surface_Defect_NEU_DET-DATASET\SteelDefectX\train_by_class\Scratches\ds_226.jpg
ds_227,Scratches,train,441,C:\Users\anmol\OneDrive\Desktop\Steel_Surface_Defect_NEU_DET-DATASET\SteelDefectX\train_by_class\Scratches\ds_227.jpg
ds_228,Scratches,train,442,C:\Users\anmol\OneDrive\Desktop\Steel_Surface_Defect_NEU_DET-DATASET\SteelDefectX\train_by_class\Scratches\ds_228.jpg
ds_229,Scratches,train,443,C:\Users\anmol\OneDrive\Desktop\Steel_Surface_Defect_NEU_DET-DATASET\SteelDefectX\train_by_class\Scratches\ds_229.jpg
ds_23,Scratches,train,444,C:\Users\anmol\OneDrive\Desktop\Steel_Surface_Defect_NEU_DET-DATASET\SteelDefectX\train_by_class\Scratches\ds_23.jpg
ds_232,Scratches,train,447,C:\Users\anmol\OneDrive\Desktop\Steel_Surface_Defect_NEU_DET-DATASET\SteelDefectX\train_by_class\Scratches\ds_232.jpg
ds_233,Scratches,train,448,C:\Users\anmol\OneDrive\Desktop\Steel_Surface_Defect_NEU_DET-DATASET\SteelDefectX\train_by_class\Scratches\ds_233.jpg
ds_234,Scratches,train,449,C:\Users\anmol\OneDrive\Desktop\Steel_Surface_Defect_NEU_DET-DATASET\SteelDefectX\train_by_class\Scratches\ds_234.jpg
ds_236,Scratches,train,450,C:\Users\anmol\OneDrive\Desktop\Steel_Surface_Defect_NEU_DET-DATASET\SteelDefectX\train_by_class\Scratches\ds_236.jpg
ds_237,Scratches,train,451,C:\Users\anmol\OneDrive\Desktop\Steel_Surface_Defect_NEU_DET-DATASET\SteelDefectX\train_by_class\Scratches\ds_237.jpg
ds_241,Scratches,train,454,C:\Users\anmol\OneDrive\Desktop\Steel_Surface_Defect_NEU_DET-DATASET\SteelDefectX\train_by_class\Scratches\ds_241.jpg
ds_242,Scratches,train,455,C:\Users\anmol\OneDrive\Desktop\Steel_Surface_Defect_NEU_DET-DATASET\SteelDefectX\train_by_class\Scratches\ds_242.jpg
ds_243,Scratches,train,456,C:\Users\anmol\OneDrive\Desktop\Steel_Surface_Defect_NEU_DET-DATASET\SteelDefectX\train_by_class\Scratches\ds_243.jpg
ds_244,Scratches,train,457,C:\Users\anmol\OneDrive\Desktop\Steel_Surface_Defect_NEU_DET-DATASET\SteelDefectX\train_by_class\Scratches\ds_244.jpg
ds_246,Scratches,train,459,C:\Users\anmol\OneDrive\Desktop\Steel_Surface_Defect_NEU_DET-DATASET\SteelDefectX\train_by_class\Scratches\ds_246.jpg
ds_247,Scratches,train,460,C:\Users\anmol\OneDrive\Desktop\Steel_Surface_Defect_NEU_DET-DATASET\SteelDefectX\train_by_class\Scratches\ds_247.jpg
ds_249,Scratches,train,462,C:\Users\anmol\OneDrive\Desktop\Steel_Surface_Defect_NEU_DET-DATASET\SteelDefectX\train_by_class\Scratches\ds_249.jpg
ds_252,Scratches,train,466,C:\Users\anmol\OneDrive\Desktop\Steel_Surface_Defect_NEU_DET-DATASET\SteelDefectX\train_by_class\Scratches\ds_252.jpg
ds_254,Scratches,train,468,C:\Users\anmol\OneDrive\Desktop\Steel_Surface_Defect_NEU_DET-DATASET\SteelDefectX\train_by_class\Scratches\ds_254.jpg
ds_26,Scratches,train,473,C:\Users\anmol\OneDrive\Desktop\Steel_Surface_Defect_NEU_DET-DATASET\SteelDefectX\train_by_class\Scratches\ds_26.jpg
ds_262,Scratches,train,475,C:\Users\anmol\OneDrive\Desktop\Steel_Surface_Defect_NEU_DET-DATASET\SteelDefectX\train_by_class\Scratches\ds_262.jpg
ds_266,Scratches,train,477,C:\Users\anmol\OneDrive\Desktop\Steel_Surface_Defect_NEU_DET-DATASET\SteelDefectX\train_by_class\Scratches\ds_266.jpg
ds_269,Scratches,train,479,C:\Users\anmol\OneDrive\Desktop\Steel_Surface_Defect_NEU_DET-DATASET\SteelDefectX\train_by_class\Scratches\ds_269.jpg
ds_27,Scratches,train,480,C:\Users\anmol\OneDrive\Desktop\Steel_Surface_Defect_NEU_DET-DATASET\SteelDefectX\train_by_class\Scratches\ds_27.jpg
ds_270,Scratches,train,481,C:\Users\anmol\OneDrive\Desktop\Steel_Surface_Defect_NEU_DET-DATASET\SteelDefectX\train_by_class\Scratches\ds_270.jpg
ds_273,Scratches,train,484,C:\Users\anmol\OneDrive\Desktop\Steel_Surface_Defect_NEU_DET-DATASET\SteelDefectX\train_by_class\Scratches\ds_273.jpg
ds_275,Scratches,train,486,C:\Users\anmol\OneDrive\Desktop\Steel_Surface_Defect_NEU_DET-DATASET\SteelDefectX\train_by_class\Scratches\ds_275.jpg
ds_28,Scratches,train,488,C:\Users\anmol\OneDrive\Desktop\Steel_Surface_Defect_NEU_DET-DATASET\SteelDefectX\train_by_class\Scratches\ds_28.jpg
ds_281,Scratches,train,489,C:\Users\anmol\OneDrive\Desktop\Steel_Surface_Defect_NEU_DET-DATASET\SteelDefectX\train_by_class\Scratches\ds_281.jpg
ds_282,Scratches,train,490,C:\Users\anmol\OneDrive\Desktop\Steel_Surface_Defect_NEU_DET-DATASET\SteelDefectX\train_by_class\Scratches\ds_282.jpg
ds_283,Scratches,train,491,C:\Users\anmol\OneDrive\Desktop\Steel_Surface_Defect_NEU_DET-DATASET\SteelDefectX\train_by_class\Scratches\ds_283.jpg
ds_285,Scratches,train,492,C:\Users\anmol\OneDrive\Desktop\Steel_Surface_Defect_NEU_DET-DATASET\SteelDefectX\train_by_class\Scratches\ds_285.jpg
ds_286,Scratches,train,493,C:\Users\anmol\OneDrive\Desktop\Steel_Surface_Defect_NEU_DET-DATASET\SteelDefectX\train_by_class\Scratches\ds_286.jpg
ds_288,Scratches,train,495,C:\Users\anmol\OneDrive\Desktop\Steel_Surface_Defect_NEU_DET-DATASET\SteelDefectX\train_by_class\Scratches\ds_288.jpg
ds_289,Scratches,train,496,C:\Users\anmol\OneDrive\Desktop\Steel_Surface_Defect_NEU_DET-DATASET\SteelDefectX\train_by_class\Scratches\ds_289.jpg
ds_29,Scratches,train,497,C:\Users\anmol\OneDrive\Desktop\Steel_Surface_Defect_NEU_DET-DATASET\SteelDefectX\train_by_class\Scratches\ds_29.jpg
ds_291,Scratches,train,498,C:\Users\anmol\OneDrive\Desktop\Steel_Surface_Defect_NEU_DET-DATASET\SteelDefectX\train_by_class\Scratches\ds_291.jpg
ds_292,Scratches,train,499,C:\Users\anmol\OneDrive\Desktop\Steel_Surface_Defect_NEU_DET-DATASET\SteelDefectX\train_by_class\Scratches\ds_292.jpg
ds_293,Scratches,train,500,C:\Users\anmol\OneDrive\Desktop\Steel_Surface_Defect_NEU_DET-DATASET\SteelDefectX\train_by_class\Scratches\ds_293.jpg
ds_294,Scratches,train,501,C:\Users\anmol\OneDrive\Desktop\Steel_Surface_Defect_NEU_DET-DATASET\SteelDefectX\train_by_class\Scratches\ds_294.jpg
ds_297,Scratches,train,503,C:\Users\anmol\OneDrive\Desktop\Steel_Surface_Defect_NEU_DET-DATASET\SteelDefectX\train_by_class\Scratches\ds_297.jpg
ds_30,Scratches,train,504,C:\Users\anmol\OneDrive\Desktop\Steel_Surface_Defect_NEU_DET-DATASET\SteelDefectX\train_by_class\Scratches\ds_30.jpg
ds_300,Scratches,train,505,C:\Users\anmol\OneDrive\Desktop\Steel_Surface_Defect_NEU_DET-DATASET\SteelDefectX\train_by_class\Scratches\ds_300.jpg
ds_303,Scratches,train,508,C:\Users\anmol\OneDrive\Desktop\Steel_Surface_Defect_NEU_DET-DATASET\SteelDefectX\train_by_class\Scratches\ds_303.jpg
ds_31,Scratches,train,510,C:\Users\anmol\OneDrive\Desktop\Steel_Surface_Defect_NEU_DET-DATASET\SteelDefectX\train_by_class\Scratches\ds_31.jpg
ds_311,Scratches,train,512,C:\Users\anmol\OneDrive\Desktop\Steel_Surface_Defect_NEU_DET-DATASET\SteelDefectX\train_by_class\Scratches\ds_311.jpg
ds_313,Scratches,train,513,C:\Users\anmol\OneDrive\Desktop\Steel_Surface_Defect_NEU_DET-DATASET\SteelDefectX\train_by_class\Scratches\ds_313.jpg
ds_314,Scratches,train,514,C:\Users\anmol\OneDrive\Desktop\Steel_Surface_Defect_NEU_DET-DATASET\SteelDefectX\train_by_class\Scratches\ds_314.jpg
ds_316,Scratches,train,515,C:\Users\anmol\OneDrive\Desktop\Steel_Surface_Defect_NEU_DET-DATASET\SteelDefectX\train_by_class\Scratches\ds_316.jpg
ds_317,Scratches,train,516,C:\Users\anmol\OneDrive\Desktop\Steel_Surface_Defect_NEU_DET-DATASET\SteelDefectX\train_by_class\Scratches\ds_317.jpg
ds_319,Scratches,train,518,C:\Users\anmol\OneDrive\Desktop\Steel_Surface_Defect_NEU_DET-DATASET\SteelDefectX\train_by_class\Scratches\ds_319.jpg
ds_32,Scratches,train,519,C:\Users\anmol\OneDrive\Desktop\Steel_Surface_Defect_NEU_DET-DATASET\SteelDefectX\train_by_class\Scratches\ds_32.jpg
ds_320,Scratches,train,520,C:\Users\anmol\OneDrive\Desktop\Steel_Surface_Defect_NEU_DET-DATASET\SteelDefectX\train_by_class\Scratches\ds_320.jpg
ds_321,Scratches,train,521,C:\Users\anmol\OneDrive\Desktop\Steel_Surface_Defect_NEU_DET-DATASET\SteelDefectX\train_by_class\Scratches\ds_321.jpg
ds_322,Scratches,train,522,C:\Users\anmol\OneDrive\Desktop\Steel_Surface_Defect_NEU_DET-DATASET\SteelDefectX\train_by_class\Scratches\ds_322.jpg
ds_323,Scratches,train,523,C:\Users\anmol\OneDrive\Desktop\Steel_Surface_Defect_NEU_DET-DATASET\SteelDefectX\train_by_class\Scratches\ds_323.jpg
ds_324,Scratches,train,524,C:\Users\anmol\OneDrive\Desktop\Steel_Surface_Defect_NEU_DET-DATASET\SteelDefectX\train_by_class\Scratches\ds_324.jpg
ds_325,Scratches,train,525,C:\Users\anmol\OneDrive\Desktop\Steel_Surface_Defect_NEU_DET-DATASET\SteelDefectX\train_by_class\Scratches\ds_325.jpg
ds_326,Scratches,train,526,C:\Users\anmol\OneDrive\Desktop\Steel_Surface_Defect_NEU_DET-DATASET\SteelDefectX\train_by_class\Scratches\ds_326.jpg
ds_33,Scratches,train,527,C:\Users\anmol\OneDrive\Desktop\Steel_Surface_Defect_NEU_DET-DATASET\SteelDefectX\train_by_class\Scratches\ds_33.jpg
ds_330,Scratches,train,528,C:\Users\anmol\OneDrive\Desktop\Steel_Surface_Defect_NEU_DET-DATASET\SteelDefectX\train_by_class\Scratches\ds_330.jpg
ds_333,Scratches,train,529,C:\Users\anmol\OneDrive\Desktop\Steel_Surface_Defect_NEU_DET-DATASET\SteelDefectX\train_by_class\Scratches\ds_333.jpg
ds_34,Scratches,train,531,C:\Users\anmol\OneDrive\Desktop\Steel_Surface_Defect_NEU_DET-DATASET\SteelDefectX\train_by_class\Scratches\ds_34.jpg
ds_35,Scratches,train,532,C:\Users\anmol\OneDrive\Desktop\Steel_Surface_Defect_NEU_DET-DATASET\SteelDefectX\train_by_class\Scratches\ds_35.jpg
ds_37,Scratches,train,533,C:\Users\anmol\OneDrive\Desktop\Steel_Surface_Defect_NEU_DET-DATASET\SteelDefectX\train_by_class\Scratches\ds_37.jpg
ds_38,Scratches,train,534,C:\Users\anmol\OneDrive\Desktop\Steel_Surface_Defect_NEU_DET-DATASET\SteelDefectX\train_by_class\Scratches\ds_38.jpg
ds_39,Scratches,train,535,C:\Users\anmol\OneDrive\Desktop\Steel_Surface_Defect_NEU_DET-DATASET\SteelDefectX\train_by_class\Scratches\ds_39.jpg
ds_41,Scratches,train,537,C:\Users\anmol\OneDrive\Desktop\Steel_Surface_Defect_NEU_DET-DATASET\SteelDefectX\train_by_class\Scratches\ds_41.jpg
ds_42,Scratches,train,538,C:\Users\anmol\OneDrive\Desktop\Steel_Surface_Defect_NEU_DET-DATASET\SteelDefectX\train_by_class\Scratches\ds_42.jpg
ds_44,Scratches,train,539,C:\Users\anmol\OneDrive\Desktop\Steel_Surface_Defect_NEU_DET-DATASET\SteelDefectX\train_by_class\Scratches\ds_44.jpg
ds_45,Scratches,train,540,C:\Users\anmol\OneDrive\Desktop\Steel_Surface_Defect_NEU_DET-DATASET\SteelDefectX\train_by_class\Scratches\ds_45.jpg
ds_46,Scratches,train,541,C:\Users\anmol\OneDrive\Desktop\Steel_Surface_Defect_NEU_DET-DATASET\SteelDefectX\train_by_class\Scratches\ds_46.jpg
ds_47,Scratches,train,542,C:\Users\anmol\OneDrive\Desktop\Steel_Surface_Defect_NEU_DET-DATASET\SteelDefectX\train_by_class\Scratches\ds_47.jpg
ds_48,Scratches,train,543,C:\Users\anmol\OneDrive\Desktop\Steel_Surface_Defect_NEU_DET-DATASET\SteelDefectX\train_by_class\Scratches\ds_48.jpg
ds_49,Scratches,train,544,C:\Users\anmol\OneDrive\Desktop\Steel_Surface_Defect_NEU_DET-DATASET\SteelDefectX\train_by_class\Scratches\ds_49.jpg
ds_50,Scratches,train,545,C:\Users\anmol\OneDrive\Desktop\Steel_Surface_Defect_NEU_DET-DATASET\SteelDefectX\train_by_class\Scratches\ds_50.jpg
ds_52,Scratches,train,546,C:\Users\anmol\OneDrive\Desktop\Steel_Surface_Defect_NEU_DET-DATASET\SteelDefectX\train_by_class\Scratches\ds_52.jpg
ds_53,Scratches,train,547,C:\Users\anmol\OneDrive\Desktop\Steel_Surface_Defect_NEU_DET-DATASET\SteelDefectX\train_by_class\Scratches\ds_53.jpg
ds_55,Scratches,train,549,C:\Users\anmol\OneDrive\Desktop\Steel_Surface_Defect_NEU_DET-DATASET\SteelDefectX\train_by_class\Scratches\ds_55.jpg
ds_58,Scratches,train,551,C:\Users\anmol\OneDrive\Desktop\Steel_Surface_Defect_NEU_DET-DATASET\SteelDefectX\train_by_class\Scratches\ds_58.jpg
ds_59,Scratches,train,552,C:\Users\anmol\OneDrive\Desktop\Steel_Surface_Defect_NEU_DET-DATASET\SteelDefectX\train_by_class\Scratches\ds_59.jpg
ds_60,Scratches,train,553,C:\Users\anmol\OneDrive\Desktop\Steel_Surface_Defect_NEU_DET-DATASET\SteelDefectX\train_by_class\Scratches\ds_60.jpg
ds_61,Scratches,train,554,C:\Users\anmol\OneDrive\Desktop\Steel_Surface_Defect_NEU_DET-DATASET\SteelDefectX\train_by_class\Scratches\ds_61.jpg
ds_65,Scratches,train,558,C:\Users\anmol\OneDrive\Desktop\Steel_Surface_Defect_NEU_DET-DATASET\SteelDefectX\train_by_class\Scratches\ds_65.jpg
ds_66,Scratches,train,559,C:\Users\anmol\OneDrive\Desktop\Steel_Surface_Defect_NEU_DET-DATASET\SteelDefectX\train_by_class\Scratches\ds_66.jpg
ds_68,Scratches,train,561,C:\Users\anmol\OneDrive\Desktop\Steel_Surface_Defect_NEU_DET-DATASET\SteelDefectX\train_by_class\Scratches\ds_68.jpg
ds_69,Scratches,train,562,C:\Users\anmol\OneDrive\Desktop\Steel_Surface_Defect_NEU_DET-DATASET\SteelDefectX\train_by_class\Scratches\ds_69.jpg
ds_70,Scratches,train,563,C:\Users\anmol\OneDrive\Desktop\Steel_Surface_Defect_NEU_DET-DATASET\SteelDefectX\train_by_class\Scratches\ds_70.jpg
ds_73,Scratches,train,566,C:\Users\anmol\OneDrive\Desktop\Steel_Surface_Defect_NEU_DET-DATASET\SteelDefectX\train_by_class\Scratches\ds_73.jpg
ds_74,Scratches,train,567,C:\Users\anmol\OneDrive\Desktop\Steel_Surface_Defect_NEU_DET-DATASET\SteelDefectX\train_by_class\Scratches\ds_74.jpg
ds_76,Scratches,train,569,C:\Users\anmol\OneDrive\Desktop\Steel_Surface_Defect_NEU_DET-DATASET\SteelDefectX\train_by_class\Scratches\ds_76.jpg
ds_77,Scratches,train,570,C:\Users\anmol\OneDrive\Desktop\Steel_Surface_Defect_NEU_DET-DATASET\SteelDefectX\train_by_class\Scratches\ds_77.jpg
ds_78,Scratches,train,571,C:\Users\anmol\OneDrive\Desktop\Steel_Surface_Defect_NEU_DET-DATASET\SteelDefectX\train_by_class\Scratches\ds_78.jpg
ds_80,Scratches,train,572,C:\Users\anmol\OneDrive\Desktop\Steel_Surface_Defect_NEU_DET-DATASET\SteelDefectX\train_by_class\Scratches\ds_80.jpg
ds_84,Scratches,train,574,C:\Users\anmol\OneDrive\Desktop\Steel_Surface_Defect_NEU_DET-DATASET\SteelDefectX\train_by_class\Scratches\ds_84.jpg
ds_86,Scratches,train,576,C:\Users\anmol\OneDrive\Desktop\Steel_Surface_Defect_NEU_DET-DATASET\SteelDefectX\train_by_class\Scratches\ds_86.jpg
ds_87,Scratches,train,577,C:\Users\anmol\OneDrive\Desktop\Steel_Surface_Defect_NEU_DET-DATASET\SteelDefectX\train_by_class\Scratches\ds_87.jpg
ds_89,Scratches,train,578,C:\Users\anmol\OneDrive\Desktop\Steel_Surface_Defect_NEU_DET-DATASET\SteelDefectX\train_by_class\Scratches\ds_89.jpg
ds_90,Scratches,train,579,C:\Users\anmol\OneDrive\Desktop\Steel_Surface_Defect_NEU_DET-DATASET\SteelDefectX\train_by_class\Scratches\ds_90.jpg
ds_98,Scratches,train,583,C:\Users\anmol\OneDrive\Desktop\Steel_Surface_Defect_NEU_DET-DATASET\SteelDefectX\train_by_class\Scratches\ds_98.jpg
ds_11,Scratches,val,361,C:\Users\anmol\OneDrive\Desktop\Steel_Surface_Defect_NEU_DET-DATASET\SteelDefectX\train_by_class\Scratches\ds_11.jpg
ds_113,Scratches,val,364,C:\Users\anmol\OneDrive\Desktop\Steel_Surface_Defect_NEU_DET-DATASET\SteelDefectX\train_by_class\Scratches\ds_113.jpg
ds_126,Scratches,val,370,C:\Users\anmol\OneDrive\Desktop\Steel_Surface_Defect_NEU_DET-DATASET\SteelDefectX\train_by_class\Scratches\ds_126.jpg
ds_140,Scratches,val,378,C:\Users\anmol\OneDrive\Desktop\Steel_Surface_Defect_NEU_DET-DATASET\SteelDefectX\train_by_class\Scratches\ds_140.jpg
ds_175,Scratches,val,408,C:\Users\anmol\OneDrive\Desktop\Steel_Surface_Defect_NEU_DET-DATASET\SteelDefectX\train_by_class\Scratches\ds_175.jpg
ds_205,Scratches,val,428,C:\Users\anmol\OneDrive\Desktop\Steel_Surface_Defect_NEU_DET-DATASET\SteelDefectX\train_by_class\Scratches\ds_205.jpg
ds_211,Scratches,val,433,C:\Users\anmol\OneDrive\Desktop\Steel_Surface_Defect_NEU_DET-DATASET\SteelDefectX\train_by_class\Scratches\ds_211.jpg
ds_230,Scratches,val,445,C:\Users\anmol\OneDrive\Desktop\Steel_Surface_Defect_NEU_DET-DATASET\SteelDefectX\train_by_class\Scratches\ds_230.jpg
ds_250,Scratches,val,464,C:\Users\anmol\OneDrive\Desktop\Steel_Surface_Defect_NEU_DET-DATASET\SteelDefectX\train_by_class\Scratches\ds_250.jpg
ds_256,Scratches,val,470,C:\Users\anmol\OneDrive\Desktop\Steel_Surface_Defect_NEU_DET-DATASET\SteelDefectX\train_by_class\Scratches\ds_256.jpg
ds_257,Scratches,val,471,C:\Users\anmol\OneDrive\Desktop\Steel_Surface_Defect_NEU_DET-DATASET\SteelDefectX\train_by_class\Scratches\ds_257.jpg
ds_260,Scratches,val,474,C:\Users\anmol\OneDrive\Desktop\Steel_Surface_Defect_NEU_DET-DATASET\SteelDefectX\train_by_class\Scratches\ds_260.jpg
ds_263,Scratches,val,476,C:\Users\anmol\OneDrive\Desktop\Steel_Surface_Defect_NEU_DET-DATASET\SteelDefectX\train_by_class\Scratches\ds_263.jpg
ds_287,Scratches,val,494,C:\Users\anmol\OneDrive\Desktop\Steel_Surface_Defect_NEU_DET-DATASET\SteelDefectX\train_by_class\Scratches\ds_287.jpg
ds_296,Scratches,val,502,C:\Users\anmol\OneDrive\Desktop\Steel_Surface_Defect_NEU_DET-DATASET\SteelDefectX\train_by_class\Scratches\ds_296.jpg
ds_334,Scratches,val,530,C:\Users\anmol\OneDrive\Desktop\Steel_Surface_Defect_NEU_DET-DATASET\SteelDefectX\train_by_class\Scratches\ds_334.jpg
ds_40,Scratches,val,536,C:\Users\anmol\OneDrive\Desktop\Steel_Surface_Defect_NEU_DET-DATASET\SteelDefectX\train_by_class\Scratches\ds_40.jpg
ds_54,Scratches,val,548,C:\Users\anmol\OneDrive\Desktop\Steel_Surface_Defect_NEU_DET-DATASET\SteelDefectX\train_by_class\Scratches\ds_54.jpg
ds_64,Scratches,val,557,C:\Users\anmol\OneDrive\Desktop\Steel_Surface_Defect_NEU_DET-DATASET\SteelDefectX\train_by_class\Scratches\ds_64.jpg
ds_67,Scratches,val,560,C:\Users\anmol\OneDrive\Desktop\Steel_Surface_Defect_NEU_DET-DATASET\SteelDefectX\train_by_class\Scratches\ds_67.jpg
ds_75,Scratches,val,568,C:\Users\anmol\OneDrive\Desktop\Steel_Surface_Defect_NEU_DET-DATASET\SteelDefectX\train_by_class\Scratches\ds_75.jpg
ds_81,Scratches,val,573,C:\Users\anmol\OneDrive\Desktop\Steel_Surface_Defect_NEU_DET-DATASET\SteelDefectX\train_by_class\Scratches\ds_81.jpg
ds_91,Scratches,val,580,C:\Users\anmol\OneDrive\Desktop\Steel_Surface_Defect_NEU_DET-DATASET\SteelDefectX\train_by_class\Scratches\ds_91.jpg
